individualID,materialSampleID,decimalLatitude,decimalLongitude,coordNote,decimalLatitute_field,decimalLongitude_field,minimumdepthOfBottominmeters,maximumdepthOfBottominmeters,EcoPlotDepthinmeters.tidecorrected,depthOfColonyinmeters,EcoReefID_short,locationID_short,EcoPlotID_full,projectID,scientificName_field,scientificAbbreviation,scientificName_verified,taxonID,identificationRemarks,EcoClusterID,EcoReefID,EcoReefHabitat,EcoZoneID,fieldID,tagID,digitalOrthoYear,UWorthoYear,EcoPlotID,EcoPlotID_new,locality,timeOfDay,eventEnteredBy,dayCollected,monthCollected,yearCollected,fieldNotes,georeferenceProtocol,coordinateUncertaintyInMeters,locationRemarks,healthScore,collectorList,associatedMedia,permitInformation,principalInvestigator,fundingSource,country,sizeOfColonyincm,Plot_MaxCoralDist.m,Plot_CoordNote,modifiedBy,modifiedReason,associatedTaxa,associatedReference
RRAP-ECO03-2022-Spis-OCDA-748,Spis-OCDA-748,-18.833,147.63338,Original metadata entry,-18.833,147.63338,5,5,2.3,NA,OCDA,OCDA_LA1S,OCDA_LA1S,ECO03,Stylophora pistillata,Spis,NA,NA,NA,Offshore Central GBR,Davies,Lagoon1,Shallow,10,NA,NA,NA,NA,NA,Davies,9:00,Zoe Meziere,22,1,2022,bleached,GPS EcoRRAP sites,20,NA,NA,Zoe Meziere,P5240106 |P5240112,GBRMPA G21/44774.1,Riginos,RRAP,Australia,NA,60,Original metadata entry,NA,NA,NA,NA
RRAP-ECO03-2022-Spis-OCDA-749,Spis-OCDA-749,-18.833,147.63338,Original metadata entry,-18.833,147.63338,5,5,2.3,NA,OCDA,OCDA_LA1S,OCDA_LA1S,ECO03,Stylophora pistillata,Spis,NA,NA,NA,Offshore Central GBR,Davies,Lagoon1,Shallow,22,NA,NA,NA,NA,NA,Davies,9:00,Zoe Meziere,22,1,2022,NA,GPS EcoRRAP sites,20,NA,NA,Zoe Meziere,P5240106 |P5240112,GBRMPA G21/44774.1,Riginos,RRAP,Australia,NA,60,Original metadata entry,NA,NA,NA,NA
RRAP-ECO03-2021-Spis-ONLI-488,Spis-LIZA-488,-14.667794,145.441894,Zone-level backup coordinates,NA,NA,5,5,3.1,NA,ONLI,ONLI_BA2S,ONLI_BA2S,ECO03,Stylophora pistillata,Spis,NA,NA,NA,Offshore North GBR ,Lizard Island,Back2,Shallow,15,NA,NA,NA,NA,NA,Lizard Island,13:00,Zoe Meziere,31,10,2021,NA,GPS EcoRRAP sites,20,NA,NA,Zoe Meziere,NA,GBRMPA G21/44774.1,Riginos,RRAP,Australia,NA,60,Zone-level backup coordinates,NA,NA,NA,NA
RRAP-ECO03-2021-Spis-ONLI-489,Spis-LIZA-489,-14.687707,145.465276,Original metadata entry,-14.6877065,145.465276,5,5,3.7,NA,ONLI,ONLI_LA1S,ONLI_LA1S,ECO03,Stylophora pistillata,Spis,NA,NA,NA,Offshore North GBR ,Lizard Island,Lagoon1,Shallow,2,NA,NA,NA,NA,NA,Lizard Island,10:00,Zoe Meziere,1,11,2021,NA,GPS EcoRRAP sites,20,NA,NA,Zoe Meziere,NA,GBRMPA G21/44774.1,Riginos,RRAP,Australia,NA,60,Original metadata entry,NA,NA,NA,NA
RRAP-ECO03-2021-Spis-ONMO-383,Spis-MOOR-383,-16.859841,146.225679,Original metadata entry,-16.859841,146.2256785,5,5,3.9,NA,ONMO,ONMO_LA1S,ONMO_LA1S,ECO03,Stylophora pistillata,Spis,NA,NA,NA,Offshore North GBR ,Moore Reef,Lagoon1,Shallow,11,NA,NA,NA,NA,NA,Moore Reef,14:00,Zoe Meziere,27,10,2021,NA,GPS EcoRRAP sites,20,NA,NA,Zoe Meziere,NA,GBRMPA G21/44774.1,Riginos,RRAP,Australia,NA,60,Original metadata entry,NA,NA,NA,NA
RRAP-ECO03-2021-Spis-ONMO-394,Spis-MOOR-394,-16.859925,146.225746,Original metadata entry,-16.8599245,146.2257455,10,10,10.3,NA,ONMO,ONMO_LA1D,ONMO_LA1D,ECO03,Stylophora pistillata,Spis,NA,NA,NA,Offshore North GBR ,Moore Reef,Lagoon1,Deep,7,NA,NA,NA,NA,NA,Moore Reef,9:30,Zoe Meziere,28,10,2021,NA,GPS EcoRRAP sites,20,NA,NA,Zoe Meziere,NA,GBRMPA G21/44774.1,Riginos,RRAP,Australia,NA,60,Original metadata entry,NA,NA,NA,NA
RRAP-ECO03-2022-Spis-OCCH-628,Spis-OCCH-628,-18.660365,147.702675,Original metadata entry,-18.660365,147.702675,5,5,4.4,NA,OCCH,OCCH_BA2S,OCCH_BA2S,ECO03,Stylophora pistillata,Spis,NA,NA,NA,Offshore Central GBR,Chicken,Back2,Shallow,9,NA,NA,NA,NA,NA,Chicken,9:00,Zoe Meziere,17,1,2022,NA,GPS EcoRRAP sites,20,NA,NA,Zoe Meziere,P5240106 |P5240107,GBRMPA G21/44774.1,Riginos,RRAP,Australia,NA,60,Original metadata entry,NA,NA,NA,NA
RRAP-ECO03-2022-Spis-OCCH-629,Spis-OCCH-629,-18.660365,147.702675,Original metadata entry,-18.660365,147.702675,5,5,4.4,NA,OCCH,OCCH_BA2S,OCCH_BA2S,ECO03,Stylophora pistillata,Spis,NA,NA,NA,Offshore Central GBR,Chicken,Back2,Shallow,4,NA,NA,NA,NA,NA,Chicken,9:00,Zoe Meziere,17,1,2022,NA,GPS EcoRRAP sites,20,NA,NA,Zoe Meziere,P5240106 |P5240107,GBRMPA G21/44774.1,Riginos,RRAP,Australia,NA,60,Original metadata entry,NA,NA,NA,NA
RRAP-ECO03-2022-Spis-OCCH-634,Spis-OCCH-634,-18.660365,147.702675,Original metadata entry,-18.660365,147.702675,5,5,4.4,NA,OCCH,OCCH_BA2S,OCCH_BA2S,ECO03,Stylophora pistillata,Spis,NA,NA,NA,Offshore Central GBR,Chicken,Back2,Shallow,8,NA,NA,NA,NA,NA,Chicken,9:00,Zoe Meziere,17,1,2022,NA,GPS EcoRRAP sites,20,NA,NA,Zoe Meziere,P5240106 |P5240107,GBRMPA G21/44774.1,Riginos,RRAP,Australia,NA,60,Original metadata entry,NA,NA,NA,NA
RRAP-ECO03-2022-Spis-OCCH-655,Spis-OCCH-655,-18.653206,147.708533,Original metadata entry,-18.6532055,147.708533,6,6,5.2,NA,OCCH,OCCH_BA1S,OCCH_BA1S,ECO03,Stylophora pistillata,Spis,NA,NA,NA,Offshore Central GBR,Chicken,Back1,Shallow,4,NA,NA,NA,NA,NA,Chicken,9:00,Zoe Meziere,18,1,2022,NA,GPS EcoRRAP sites,20,NA,NA,Zoe Meziere,P5240106 |P5240107,GBRMPA G21/44774.1,Riginos,RRAP,Australia,NA,60,Original metadata entry,NA,NA,NA,NA
RRAP-ECO03-2022-Spis-OCCH-659,Spis-OCCH-659,-18.653206,147.708533,Original metadata entry,-18.6532055,147.708533,6,6,5.2,NA,OCCH,OCCH_BA1S,OCCH_BA1S,ECO03,Stylophora pistillata,Spis,NA,NA,NA,Offshore Central GBR,Chicken,Back1,Shallow,15,NA,NA,NA,NA,NA,Chicken,9:00,Zoe Meziere,18,1,2022,NA,GPS EcoRRAP sites,20,NA,NA,Zoe Meziere,P5240106 |P5240107,GBRMPA G21/44774.1,Riginos,RRAP,Australia,NA,60,Original metadata entry,NA,NA,NA,NA
RRAP-ECO03-2022-Spis-OCCH-668,Spis-OCCH-668,-18.653206,147.708533,Original metadata entry,-18.6532055,147.708533,6,6,5.2,NA,OCCH,OCCH_BA1S,OCCH_BA1S,ECO03,Stylophora pistillata,Spis,NA,NA,NA,Offshore Central GBR,Chicken,Back1,Shallow,10,NA,NA,NA,NA,NA,Chicken,9:00,Zoe Meziere,18,1,2022,NA,GPS EcoRRAP sites,20,NA,NA,Zoe Meziere,P5240106 |P5240107,GBRMPA G21/44774.1,Riginos,RRAP,Australia,NA,60,Original metadata entry,NA,NA,NA,NA
RRAP-ECO03-2022-Spis-OCDA-570,Spis-OCDA-570,-18.83191,147.65257,Original metadata entry,-18.83191,147.65257,13,13,11.1,NA,OCDA,OCDA_FR2D,OCDA_FR2D,ECO03,Stylophora pistillata,Spis,NA,NA,NA,Offshore Central GBR,Davies,Front2,Deep,12,NA,NA,NA,NA,NA,Davies,15:00,Zoe Meziere,15,1,2022,NA,GPS EcoRRAP sites,20,NA,NA,Zoe Meziere,P5240106 |P5240107,GBRMPA G21/44774.1,Riginos,RRAP,Australia,NA,60,Original metadata entry,NA,NA,NA,NA
RRAP-ECO03-2022-Spis-OCDA-573,Spis-OCDA-573,-18.83191,147.65257,Original metadata entry,-18.83191,147.65257,13,13,11.1,NA,OCDA,OCDA_FR2D,OCDA_FR2D,ECO03,Stylophora pistillata,Spis,NA,NA,NA,Offshore Central GBR,Davies,Front2,Deep,3,NA,NA,NA,NA,NA,Davies,15:00,Zoe Meziere,15,1,2022,NA,GPS EcoRRAP sites,20,NA,NA,Zoe Meziere,P5240106 |P5240107,GBRMPA G21/44774.1,Riginos,RRAP,Australia,NA,60,Original metadata entry,NA,NA,NA,NA
RRAP-ECO03-2022-Spis-OCDA-576,Spis-OCDA-576,-18.83191,147.65257,Original metadata entry,-18.83191,147.65257,13,13,11.1,NA,OCDA,OCDA_FR2D,OCDA_FR2D,ECO03,Stylophora pistillata,Spis,NA,NA,NA,Offshore Central GBR,Davies,Front2,Deep,1,NA,NA,NA,NA,NA,Davies,15:00,Zoe Meziere,15,1,2022,NA,GPS EcoRRAP sites,20,NA,NA,Zoe Meziere,P5240106 |P5240107,GBRMPA G21/44774.1,Riginos,RRAP,Australia,NA,60,Original metadata entry,NA,NA,NA,NA
RRAP-ECO03-2022-Spis-OCDA-577,Spis-OCDA-577,-18.83191,147.65257,Original metadata entry,-18.83191,147.65257,13,13,11.1,NA,OCDA,OCDA_FR2D,OCDA_FR2D,ECO03,Stylophora pistillata,Spis,NA,NA,NA,Offshore Central GBR,Davies,Front2,Deep,13,NA,NA,NA,NA,NA,Davies,15:00,Zoe Meziere,15,1,2022,NA,GPS EcoRRAP sites,20,NA,NA,Zoe Meziere,P5240106 |P5240107,GBRMPA G21/44774.1,Riginos,RRAP,Australia,NA,60,Original metadata entry,NA,NA,NA,NA
RRAP-ECO03-2022-Spis-OCDA-579,Spis-OCDA-579,-18.83191,147.65257,Original metadata entry,-18.83191,147.65257,13,13,11.1,NA,OCDA,OCDA_FR2D,OCDA_FR2D,ECO03,Stylophora pistillata,Spis,NA,NA,NA,Offshore Central GBR,Davies,Front2,Deep,15,NA,NA,NA,NA,NA,Davies,15:00,Zoe Meziere,15,1,2022,NA,GPS EcoRRAP sites,20,NA,NA,Zoe Meziere,P5240106 |P5240107,GBRMPA G21/44774.1,Riginos,RRAP,Australia,NA,60,Original metadata entry,NA,NA,NA,NA
RRAP-ECO03-2022-Spis-OCDA-581,Spis-OCDA-581,-18.83191,147.65257,Original metadata entry,-18.83191,147.65257,13,13,11.1,NA,OCDA,OCDA_FR2D,OCDA_FR2D,ECO03,Stylophora pistillata,Spis,NA,NA,NA,Offshore Central GBR,Davies,Front2,Deep,14,NA,NA,NA,NA,NA,Davies,15:00,Zoe Meziere,15,1,2022,NA,GPS EcoRRAP sites,20,NA,NA,Zoe Meziere,P5240106 |P5240107,GBRMPA G21/44774.1,Riginos,RRAP,Australia,NA,60,Original metadata entry,NA,NA,NA,NA
RRAP-ECO03-2022-Spis-OCDA-582,Spis-OCDA-582,-18.83191,147.65257,Original metadata entry,-18.83191,147.65257,13,13,11.1,NA,OCDA,OCDA_FR2D,OCDA_FR2D,ECO03,Stylophora pistillata,Spis,NA,NA,NA,Offshore Central GBR,Davies,Front2,Deep,7,NA,NA,NA,NA,NA,Davies,15:00,Zoe Meziere,15,1,2022,NA,GPS EcoRRAP sites,20,NA,NA,Zoe Meziere,P5240106 |P5240107,GBRMPA G21/44774.1,Riginos,RRAP,Australia,NA,60,Original metadata entry,NA,NA,NA,NA
RRAP-ECO03-2022-Spis-OCDA-588,Spis-OCDA-588,-18.83187,147.6525,Original metadata entry,-18.83187,147.6525,5,5,5.4,NA,OCDA,OCDA_FR2S,OCDA_FR2S,ECO03,Stylophora pistillata,Spis,NA,NA,NA,Offshore Central GBR,Davies,Front2,Shallow,1,NA,NA,NA,NA,NA,Davies,9:00,Zoe Meziere,15,1,2022,NA,GPS EcoRRAP sites,20,NA,NA,Zoe Meziere,P5240106 |P5240107,GBRMPA G21/44774.1,Riginos,RRAP,Australia,NA,60,Original metadata entry,NA,NA,NA,NA
RRAP-ECO03-2022-Spis-OCDA-589,Spis-OCDA-589,-18.83187,147.6525,Original metadata entry,-18.83187,147.6525,5,5,5.4,NA,OCDA,OCDA_FR2S,OCDA_FR2S,ECO03,Stylophora pistillata,Spis,NA,NA,NA,Offshore Central GBR,Davies,Front2,Shallow,2,NA,NA,NA,NA,NA,Davies,9:00,Zoe Meziere,15,1,2022,NA,GPS EcoRRAP sites,20,NA,NA,Zoe Meziere,P5240106 |P5240107,GBRMPA G21/44774.1,Riginos,RRAP,Australia,NA,60,Original metadata entry,NA,NA,NA,NA
RRAP-ECO03-2022-Spis-OCDA-593,Spis-OCDA-593,-18.83187,147.6525,Original metadata entry,-18.83187,147.6525,5,5,5.4,NA,OCDA,OCDA_FR2S,OCDA_FR2S,ECO03,Stylophora pistillata,Spis,NA,NA,NA,Offshore Central GBR,Davies,Front2,Shallow,11,NA,NA,NA,NA,NA,Davies,9:00,Zoe Meziere,15,1,2022,NA,GPS EcoRRAP sites,20,NA,NA,Zoe Meziere,P5240106 |P5240107,GBRMPA G21/44774.1,Riginos,RRAP,Australia,NA,60,Original metadata entry,NA,NA,NA,NA
RRAP-ECO03-2022-Spis-OCDA-594,Spis-OCDA-594,-18.83187,147.6525,Original metadata entry,-18.83187,147.6525,5,5,5.4,NA,OCDA,OCDA_FR2S,OCDA_FR2S,ECO03,Stylophora pistillata,Spis,NA,NA,NA,Offshore Central GBR,Davies,Front2,Shallow,4,NA,NA,NA,NA,NA,Davies,9:00,Zoe Meziere,15,1,2022,NA,GPS EcoRRAP sites,20,NA,NA,Zoe Meziere,P5240106 |P5240107,GBRMPA G21/44774.1,Riginos,RRAP,Australia,NA,60,Original metadata entry,NA,NA,NA,NA
RRAP-ECO03-2022-Spis-OCDA-595,Spis-OCDA-595,-18.83187,147.6525,Original metadata entry,-18.83187,147.6525,5,5,5.4,NA,OCDA,OCDA_FR2S,OCDA_FR2S,ECO03,Stylophora pistillata,Spis,NA,NA,NA,Offshore Central GBR,Davies,Front2,Shallow,14,NA,NA,NA,NA,NA,Davies,9:00,Zoe Meziere,15,1,2022,NA,GPS EcoRRAP sites,20,NA,NA,Zoe Meziere,P5240106 |P5240107,GBRMPA G21/44774.1,Riginos,RRAP,Australia,NA,60,Original metadata entry,NA,NA,NA,NA
RRAP-ECO03-2022-Spis-OCDA-600,Spis-OCDA-600,-18.81966,147.66394,Original metadata entry,-18.81966,147.66394,14,14,9.9,NA,OCDA,OCDA_FR1D,OCDA_FR1D,ECO03,Stylophora pistillata,Spis,NA,NA,NA,Offshore Central GBR,Davies,Front1,Deep,11,NA,NA,NA,NA,NA,Davies,15:00,Zoe Meziere,16,1,2022,NA,GPS EcoRRAP sites,20,NA,NA,Zoe Meziere,P5240106 |P5240107,GBRMPA G21/44774.1,Riginos,RRAP,Australia,NA,60,Original metadata entry,NA,NA,NA,NA
RRAP-ECO03-2022-Spis-OCDA-601,Spis-OCDA-601,-18.81966,147.66394,Original metadata entry,-18.81966,147.66394,14,14,9.9,NA,OCDA,OCDA_FR1D,OCDA_FR1D,ECO03,Stylophora pistillata,Spis,NA,NA,NA,Offshore Central GBR,Davies,Front1,Deep,10,NA,NA,NA,NA,NA,Davies,15:00,Zoe Meziere,16,1,2022,NA,GPS EcoRRAP sites,20,NA,NA,Zoe Meziere,P5240106 |P5240107,GBRMPA G21/44774.1,Riginos,RRAP,Australia,NA,60,Original metadata entry,NA,NA,NA,NA
RRAP-ECO03-2022-Spis-OCDA-602,Spis-OCDA-602,-18.81966,147.66394,Original metadata entry,-18.81966,147.66394,14,14,9.9,NA,OCDA,OCDA_FR1D,OCDA_FR1D,ECO03,Stylophora pistillata,Spis,NA,NA,NA,Offshore Central GBR,Davies,Front1,Deep,15,NA,NA,NA,NA,NA,Davies,15:00,Zoe Meziere,16,1,2022,NA,GPS EcoRRAP sites,20,NA,NA,Zoe Meziere,P5240106 |P5240107,GBRMPA G21/44774.1,Riginos,RRAP,Australia,NA,60,Original metadata entry,NA,NA,NA,NA
RRAP-ECO03-2022-Spis-OCDA-603,Spis-OCDA-603,-18.81966,147.66394,Original metadata entry,-18.81966,147.66394,14,14,9.9,NA,OCDA,OCDA_FR1D,OCDA_FR1D,ECO03,Stylophora pistillata,Spis,NA,NA,NA,Offshore Central GBR,Davies,Front1,Deep,12,NA,NA,NA,NA,NA,Davies,15:00,Zoe Meziere,16,1,2022,NA,GPS EcoRRAP sites,20,NA,NA,Zoe Meziere,P5240106 |P5240107,GBRMPA G21/44774.1,Riginos,RRAP,Australia,NA,60,Original metadata entry,NA,NA,NA,NA
RRAP-ECO03-2022-Spis-OCDA-613,Spis-OCDA-613,-18.8192,147.66391,Original metadata entry,-18.8192,147.66391,6,6,4.9,NA,OCDA,OCDA_FR1S,OCDA_FR1S,ECO03,Stylophora pistillata,Spis,NA,NA,NA,Offshore Central GBR,Davies,Front1,Shallow,9,NA,NA,NA,NA,NA,Davies,9:00,Zoe Meziere,16,1,2022,NA,GPS EcoRRAP sites,20,NA,NA,Zoe Meziere,P5240106 |P5240107,GBRMPA G21/44774.1,Riginos,RRAP,Australia,NA,60,Original metadata entry,NA,NA,NA,NA
RRAP-ECO03-2022-Spis-OCDA-670,Spis-OCDA-670,-18.80592,147.6688,Original metadata entry,-18.80592,147.6688,15,15,12,NA,OCDA,OCDA_FL1D,OCDA_FL1D,ECO03,Stylophora pistillata,Spis,NA,NA,NA,Offshore Central GBR,Davies,Flank1,Deep,5,NA,NA,NA,NA,NA,Davies,16:00,Zoe Meziere,19,1,2022,NA,GPS EcoRRAP sites,20,NA,NA,Zoe Meziere,P5240106 |P5240107,GBRMPA G21/44774.1,Riginos,RRAP,Australia,NA,60,Original metadata entry,NA,NA,NA,NA
RRAP-ECO03-2021-Spis-CBHE-213,Spis-CBHE-213,-23.456176,151.925688,Original metadata entry,-23.4561755,151.925688,1,5,4.3,NA,CBHE,CBHE_FL1S,CBHE_FL1S,ECO03,Stylophora pistillata,Spis,NA,NA,NA,Offshore South GBR,Heron Island,Flank1,Shallow,3,28,NA,NA,NA,NA,Heron Island,11:10,Zoe Meziere,16,9,2021,NA,GPS EcoRRAP sites,20,NA,NA,Katharine Prata | Iva Popovic,NA,GBRMPA G21/44774.1,Riginos,RRAP,Australia,NA,60,Original metadata entry,NA,NA,NA,NA
RRAP-ECO03-2021-Spis-CBHE-221,Spis-CBHE-221,-23.456176,151.925688,Original metadata entry,-23.4561755,151.925688,1,5,4.3,NA,CBHE,CBHE_FL1S,CBHE_FL1S,ECO03,Stylophora pistillata,Spis,NA,NA,NA,Offshore South GBR,Heron Island,Flank1,Shallow,40,15,NA,NA,NA,NA,Heron Island,11:10,Zoe Meziere,16,9,2021,NA,GPS EcoRRAP sites,20,NA,NA,Zoe Meziere | Ilha Byrne,NA,GBRMPA G21/44774.1,Riginos,RRAP,Australia,NA,60,Original metadata entry,NA,NA,NA,NA
RRAP-ECO03-2022-Spis-OCDA-677,Spis-OCDA-677,-18.80592,147.6688,Original metadata entry,-18.80592,147.6688,15,15,12,NA,OCDA,OCDA_FL1D,OCDA_FL1D,ECO03,Stylophora pistillata,Spis,NA,NA,NA,Offshore Central GBR,Davies,Flank1,Deep,11,NA,NA,NA,NA,NA,Davies,16:00,Zoe Meziere,19,1,2022,NA,GPS EcoRRAP sites,20,NA,NA,Zoe Meziere,P5240106 |P5240107,GBRMPA G21/44774.1,Riginos,RRAP,Australia,NA,60,Original metadata entry,NA,NA,NA,NA
RRAP-ECO03-2022-Spis-OCDA-679,Spis-OCDA-679,-18.80592,147.6688,Original metadata entry,-18.80592,147.6688,15,15,12,NA,OCDA,OCDA_FL1D,OCDA_FL1D,ECO03,Stylophora pistillata,Spis,NA,NA,NA,Offshore Central GBR,Davies,Flank1,Deep,9,NA,NA,NA,NA,NA,Davies,16:00,Zoe Meziere,19,1,2022,NA,GPS EcoRRAP sites,20,NA,NA,Zoe Meziere,P5240106 |P5240107,GBRMPA G21/44774.1,Riginos,RRAP,Australia,NA,60,Original metadata entry,NA,NA,NA,NA
RRAP-ECO03-2022-Spis-OCDA-683,Spis-OCDA-683,-18.80575,147.6686,Original metadata entry,-18.80575,147.6686,5,5,5.2,NA,OCDA,OCDA_FL1S,OCDA_FL1S,ECO03,Stylophora pistillata,Spis,NA,NA,NA,Offshore Central GBR,Davies,Flank1,Shallow,1,NA,NA,NA,NA,NA,Davies,9:00,Zoe Meziere,20,1,2022,NA,GPS EcoRRAP sites,20,NA,NA,Zoe Meziere,P5240106 |P5240107,GBRMPA G21/44774.1,Riginos,RRAP,Australia,NA,60,Original metadata entry,NA,NA,NA,NA
RRAP-ECO03-2022-Spis-OCDA-691,Spis-OCDA-691,-18.80575,147.6686,Original metadata entry,-18.80575,147.6686,5,5,5.2,NA,OCDA,OCDA_FL1S,OCDA_FL1S,ECO03,Stylophora pistillata,Spis,NA,NA,NA,Offshore Central GBR,Davies,Flank1,Shallow,12,NA,NA,NA,NA,NA,Davies,9:00,Zoe Meziere,20,1,2022,NA,GPS EcoRRAP sites,20,NA,NA,Zoe Meziere,P5240106 |P5240107,GBRMPA G21/44774.1,Riginos,RRAP,Australia,NA,60,Original metadata entry,NA,NA,NA,NA
RRAP-ECO03-2022-Spis-OCDA-740,Spis-OCDA-740,-18.833,147.63338,Original metadata entry,-18.833,147.63338,5,5,2.3,NA,OCDA,OCDA_LA1S,OCDA_LA1S,ECO03,Stylophora pistillata,Spis,NA,NA,NA,Offshore Central GBR,Davies,Lagoon1,Shallow,4,NA,NA,NA,NA,NA,Davies,9:00,Zoe Meziere,22,1,2022,Partially bleached,GPS EcoRRAP sites,20,NA,NA,Zoe Meziere,P5240106 |P5240112,GBRMPA G21/44774.1,Riginos,RRAP,Australia,NA,60,Original metadata entry,NA,NA,NA,NA
RRAP-ECO03-2022-Spis-OCDA-742,Spis-OCDA-742,-18.833,147.63338,Original metadata entry,-18.833,147.63338,5,5,2.3,NA,OCDA,OCDA_LA1S,OCDA_LA1S,ECO03,Stylophora pistillata,Spis,NA,NA,NA,Offshore Central GBR,Davies,Lagoon1,Shallow,21,NA,NA,NA,NA,NA,Davies,9:00,Zoe Meziere,22,1,2022,bleached,GPS EcoRRAP sites,20,NA,NA,Zoe Meziere,P5240106 |P5240112,GBRMPA G21/44774.1,Riginos,RRAP,Australia,NA,60,Original metadata entry,NA,NA,NA,NA
RRAP-ECO03-2022-Spis-OCDA-743,Spis-OCDA-743,-18.833,147.63338,Original metadata entry,-18.833,147.63338,5,5,2.3,NA,OCDA,OCDA_LA1S,OCDA_LA1S,ECO03,Stylophora pistillata,Spis,NA,NA,NA,Offshore Central GBR,Davies,Lagoon1,Shallow,20,NA,NA,NA,NA,NA,Davies,9:00,Zoe Meziere,22,1,2022,Partially bleached,GPS EcoRRAP sites,20,NA,NA,Zoe Meziere,P5240106 |P5240112,GBRMPA G21/44774.1,Riginos,RRAP,Australia,NA,60,Original metadata entry,NA,NA,NA,NA
RRAP-ECO03-2022-Spis-OCDA-746,Spis-OCDA-746,-18.833,147.63338,Original metadata entry,-18.833,147.63338,5,5,2.3,NA,OCDA,OCDA_LA1S,OCDA_LA1S,ECO03,Stylophora pistillata,Spis,NA,NA,NA,Offshore Central GBR,Davies,Lagoon1,Shallow,2,NA,NA,NA,NA,NA,Davies,9:00,Zoe Meziere,22,1,2022,Partially bleached,GPS EcoRRAP sites,20,NA,NA,Zoe Meziere,P5240106 |P5240112,GBRMPA G21/44774.1,Riginos,RRAP,Australia,NA,60,Original metadata entry,NA,NA,NA,NA
RRAP-ECO03-2021-Spis-ONLI-486,Spis-ONLI-486,-14.667794,145.441894,Zone-level backup coordinates,NA,NA,5,5,3.1,NA,ONLI,ONLI_BA2S,ONLI_BA2S,ECO03,Stylophora pistillata,Spis,NA,NA,NA,Offshore North GBR ,Lizard Island,Back2,Shallow,12,NA,NA,NA,NA,NA,Lizard Island,13:00,Zoe Meziere,31,10,2021,NA,GPS EcoRRAP sites,20,NA,NA,Zoe Meziere,NA,GBRMPA G21/44774.1,Riginos,RRAP,Australia,NA,60,Zone-level backup coordinates,NA,NA,NA,NA
RRAP-ECO03-2021-Spis-ONLI-490,Spis-ONLI-490,-14.687707,145.465276,Original metadata entry,-14.6877065,145.465276,5,5,3.7,NA,ONLI,ONLI_LA1S,ONLI_LA1S,ECO03,Stylophora pistillata,Spis,NA,NA,NA,Offshore North GBR ,Lizard Island,Lagoon1,Shallow,7,NA,NA,NA,NA,NA,Lizard Island,10:00,Zoe Meziere,1,11,2021,NA,GPS EcoRRAP sites,20,NA,NA,Zoe Meziere,NA,GBRMPA G21/44774.1,Riginos,RRAP,Australia,NA,60,Original metadata entry,NA,NA,NA,NA
RRAP-ECO03-2022-Spis-OCDA-752,Spis-OCDA-752,-18.833,147.63338,Original metadata entry,-18.833,147.63338,5,5,2.3,NA,OCDA,OCDA_LA1S,OCDA_LA1S,ECO03,Stylophora pistillata,Spis,NA,NA,NA,Offshore Central GBR,Davies,Lagoon1,Shallow,18,NA,NA,NA,NA,NA,Davies,9:00,Zoe Meziere,22,1,2022,NA,GPS EcoRRAP sites,20,NA,NA,Zoe Meziere,P5240106 |P5240112,GBRMPA G21/44774.1,Riginos,RRAP,Australia,NA,60,Original metadata entry,NA,NA,NA,NA
RRAP-ECO03-2022-Spis-OCDA-755,Spis-OCDA-755,-18.833,147.63338,Original metadata entry,-18.833,147.63338,5,5,2.3,NA,OCDA,OCDA_LA1S,OCDA_LA1S,ECO03,Stylophora pistillata,Spis,NA,NA,NA,Offshore Central GBR,Davies,Lagoon1,Shallow,13,NA,NA,NA,NA,NA,Davies,9:00,Zoe Meziere,22,1,2022,NA,GPS EcoRRAP sites,20,NA,NA,Zoe Meziere,P5240106 |P5240112,GBRMPA G21/44774.1,Riginos,RRAP,Australia,NA,60,Original metadata entry,NA,NA,NA,NA
RRAP-ECO03-2022-Spis-OCDA-757,Spis-OCDA-757,-18.833,147.63338,Original metadata entry,-18.833,147.63338,5,5,2.3,NA,OCDA,OCDA_LA1S,OCDA_LA1S,ECO03,Stylophora pistillata,Spis,NA,NA,NA,Offshore Central GBR,Davies,Lagoon1,Shallow,17,NA,NA,NA,NA,NA,Davies,9:00,Zoe Meziere,22,1,2022,Partially bleached,GPS EcoRRAP sites,20,NA,NA,Zoe Meziere,P5240106 |P5240112,GBRMPA G21/44774.1,Riginos,RRAP,Australia,NA,60,Original metadata entry,NA,NA,NA,NA
RRAP-ECO03-2022-Spis-OCDA-758,Spis-OCDA-758,-18.833,147.63338,Original metadata entry,-18.833,147.63338,5,5,2.3,NA,OCDA,OCDA_LA1S,OCDA_LA1S,ECO03,Stylophora pistillata,Spis,NA,NA,NA,Offshore Central GBR,Davies,Lagoon1,Shallow,6,NA,NA,NA,NA,NA,Davies,9:00,Zoe Meziere,22,1,2022,Partially bleached,GPS EcoRRAP sites,20,NA,NA,Zoe Meziere,P5240106 |P5240112,GBRMPA G21/44774.1,Riginos,RRAP,Australia,NA,60,Original metadata entry,NA,NA,NA,NA
RRAP-ECO03-2022-Spis-OCDA-760,Spis-OCDA-760,-18.83125,147.63316,Original metadata entry,-18.83125,147.63316,5,5,5.2,NA,OCDA,OCDA_LA2S,OCDA_LA2S,ECO03,Stylophora pistillata,Spis,NA,NA,NA,Offshore Central GBR,Davies,Lagoon2,Shallow,20,NA,NA,NA,NA,NA,Davies,14:30,Zoe Meziere,22,1,2022,NA,GPS EcoRRAP sites,20,NA,NA,Zoe Meziere,P5240106 |P5240112,GBRMPA G21/44774.1,Riginos,RRAP,Australia,NA,60,Original metadata entry,NA,NA,NA,NA
RRAP-ECO03-2022-Spis-OCDA-762,Spis-OCDA-762,-18.83125,147.63316,Original metadata entry,-18.83125,147.63316,5,5,5.2,NA,OCDA,OCDA_LA2S,OCDA_LA2S,ECO03,Stylophora pistillata,Spis,NA,NA,NA,Offshore Central GBR,Davies,Lagoon2,Shallow,12,NA,NA,NA,NA,NA,Davies,14:30,Zoe Meziere,22,1,2022,NA,GPS EcoRRAP sites,20,NA,NA,Zoe Meziere,P5240106 |P5240112,GBRMPA G21/44774.1,Riginos,RRAP,Australia,NA,60,Original metadata entry,NA,NA,NA,NA
RRAP-ECO03-2022-Spis-OCDA-763,Spis-OCDA-763,-18.83125,147.63316,Original metadata entry,-18.83125,147.63316,5,5,5.2,NA,OCDA,OCDA_LA2S,OCDA_LA2S,ECO03,Stylophora pistillata,Spis,NA,NA,NA,Offshore Central GBR,Davies,Lagoon2,Shallow,2,NA,NA,NA,NA,NA,Davies,14:30,Zoe Meziere,22,1,2022,NA,GPS EcoRRAP sites,20,NA,NA,Zoe Meziere,P5240106 |P5240112,GBRMPA G21/44774.1,Riginos,RRAP,Australia,NA,60,Original metadata entry,NA,NA,NA,NA
RRAP-ECO03-2022-Spis-OCDA-768,Spis-OCDA-768,-18.83125,147.63316,Original metadata entry,-18.83125,147.63316,5,5,5.2,NA,OCDA,OCDA_LA2S,OCDA_LA2S,ECO03,Stylophora pistillata,Spis,NA,NA,NA,Offshore Central GBR,Davies,Lagoon2,Shallow,24,NA,NA,NA,NA,NA,Davies,14:30,Zoe Meziere,22,1,2022,Partially bleached,GPS EcoRRAP sites,20,NA,NA,Zoe Meziere,P5240106 |P5240112,GBRMPA G21/44774.1,Riginos,RRAP,Australia,NA,60,Original metadata entry,NA,NA,NA,NA
RRAP-ECO03-2022-Spis-OCDA-770,Spis-OCDA-770,-18.82579,147.62735,Original metadata entry,-18.82579,147.62735,14,14,11.4,NA,OCDA,OCDA_BA1D,OCDA_BA1D,ECO03,Stylophora pistillata,Spis,NA,NA,NA,Offshore Central GBR,Davies,Back1,Deep,4,NA,NA,NA,NA,NA,Davies,10:30,Zoe Meziere,23,1,2022,NA,GPS EcoRRAP sites,20,NA,NA,Zoe Meziere,P5240106 |P5240112,GBRMPA G21/44774.1,Riginos,RRAP,Australia,NA,60,Original metadata entry,NA,NA,NA,NA
RRAP-ECO03-2022-Spis-OCDA-776,Spis-OCDA-776,-18.82579,147.62735,Original metadata entry,-18.82579,147.62735,14,14,11.4,NA,OCDA,OCDA_BA1D,OCDA_BA1D,ECO03,Stylophora pistillata,Spis,NA,NA,NA,Offshore Central GBR,Davies,Back1,Deep,5,NA,NA,NA,NA,NA,Davies,10:30,Zoe Meziere,23,1,2022,NA,GPS EcoRRAP sites,20,NA,NA,Zoe Meziere,P5240106 |P5240112,GBRMPA G21/44774.1,Riginos,RRAP,Australia,NA,60,Original metadata entry,NA,NA,NA,NA
RRAP-ECO03-2022-Spis-OCDA-779,Spis-OCDA-779,-18.8259,147.62727,Original metadata entry,-18.8259,147.62727,5,5,3.6,NA,OCDA,OCDA_BA1S,OCDA_BA1S,ECO03,Stylophora pistillata,Spis,NA,NA,NA,Offshore Central GBR,Davies,Back1,Shallow,21,NA,NA,NA,NA,NA,Davies,15:00,Zoe Meziere,23,1,2022,NA,GPS EcoRRAP sites,20,NA,NA,Zoe Meziere,P5240106 |P5240112,GBRMPA G21/44774.1,Riginos,RRAP,Australia,NA,60,Original metadata entry,NA,NA,NA,NA
RRAP-ECO03-2022-Spis-OCDA-781,Spis-OCDA-781,-18.8259,147.62727,Original metadata entry,-18.8259,147.62727,5,5,3.6,NA,OCDA,OCDA_BA1S,OCDA_BA1S,ECO03,Stylophora pistillata,Spis,NA,NA,NA,Offshore Central GBR,Davies,Back1,Shallow,3,NA,NA,NA,NA,NA,Davies,15:00,Zoe Meziere,23,1,2022,NA,GPS EcoRRAP sites,20,NA,NA,Zoe Meziere,P5240106 |P5240112,GBRMPA G21/44774.1,Riginos,RRAP,Australia,NA,60,Original metadata entry,NA,NA,NA,NA
RRAP-ECO03-2022-Spis-OCDA-784,Spis-OCDA-784,-18.8259,147.62727,Original metadata entry,-18.8259,147.62727,5,5,3.6,NA,OCDA,OCDA_BA1S,OCDA_BA1S,ECO03,Stylophora pistillata,Spis,NA,NA,NA,Offshore Central GBR,Davies,Back1,Shallow,7,NA,NA,NA,NA,NA,Davies,15:00,Zoe Meziere,23,1,2022,NA,GPS EcoRRAP sites,20,NA,NA,Zoe Meziere,P5240106 |P5240112,GBRMPA G21/44774.1,Riginos,RRAP,Australia,NA,60,Original metadata entry,NA,NA,NA,NA
RRAP-ECO03-2022-Spis-OCDA-788,Spis-OCDA-788,-18.8259,147.62727,Original metadata entry,-18.8259,147.62727,5,5,3.6,NA,OCDA,OCDA_BA1S,OCDA_BA1S,ECO03,Stylophora pistillata,Spis,NA,NA,NA,Offshore Central GBR,Davies,Back1,Shallow,22,NA,NA,NA,NA,NA,Davies,15:00,Zoe Meziere,23,1,2022,NA,GPS EcoRRAP sites,20,NA,NA,Zoe Meziere,P5240106 |P5240112,GBRMPA G21/44774.1,Riginos,RRAP,Australia,NA,60,Original metadata entry,NA,NA,NA,NA
RRAP-ECO03-2022-Spis-OCLB-697,Spis-OCLB-697,-18.949348,147.692927,Original metadata entry,-18.9493475,147.6929265,5,5,4.2,NA,OCLB,OCLB_BA1S,OCLB_BA1S,ECO03,Stylophora pistillata,Spis,NA,NA,NA,Offshore Central GBR,Little Broadhurst,Back1,Shallow,8,NA,NA,NA,NA,NA,Little Broadhurst,16:00,Zoe Meziere,20,1,2022,NA,GPS EcoRRAP sites,20,NA,NA,Zoe Meziere,P5240106 |P5240107,GBRMPA G21/44774.1,Riginos,RRAP,Australia,NA,60,Original metadata entry,NA,NA,NA,NA
RRAP-ECO03-2022-Spis-OCLB-701,Spis-OCLB-701,-18.949348,147.692927,Original metadata entry,-18.9493475,147.6929265,5,5,4.2,NA,OCLB,OCLB_BA1S,OCLB_BA1S,ECO03,Stylophora pistillata,Spis,NA,NA,NA,Offshore Central GBR,Little Broadhurst,Back1,Shallow,10,NA,NA,NA,NA,NA,Little Broadhurst,16:00,Zoe Meziere,20,1,2022,NA,GPS EcoRRAP sites,20,NA,NA,Zoe Meziere,P5240106 |P5240107,GBRMPA G21/44774.1,Riginos,RRAP,Australia,NA,60,Original metadata entry,NA,NA,NA,NA
RRAP-ECO03-2022-Spis-OCLB-711,Spis-OCLB-711,-18.944062,147.699285,Original metadata entry,-18.944062,147.699285,5,5,4.7,NA,OCLB,OCLB_FL1S,OCLB_FL1S,ECO03,Stylophora pistillata,Spis,NA,NA,NA,Offshore Central GBR,Little Broadhurst,Flank1,Shallow,1,NA,NA,NA,NA,NA,Little Broadhurst,10:00,Zoe Meziere,21,1,2022,NA,GPS EcoRRAP sites,20,NA,NA,Zoe Meziere,P5240106 |P5240107,GBRMPA G21/44774.1,Riginos,RRAP,Australia,NA,60,Original metadata entry,NA,NA,NA,NA
RRAP-ECO03-2022-Spis-OCLB-717,Spis-OCLB-717,-18.944062,147.699285,Original metadata entry,-18.944062,147.699285,5,5,4.7,NA,OCLB,OCLB_FL1S,OCLB_FL1S,ECO03,Stylophora pistillata,Spis,NA,NA,NA,Offshore Central GBR,Little Broadhurst,Flank1,Shallow,11,NA,NA,NA,NA,NA,Little Broadhurst,10:00,Zoe Meziere,21,1,2022,NA,GPS EcoRRAP sites,20,NA,NA,Zoe Meziere,P5240106 |P5240107,GBRMPA G21/44774.1,Riginos,RRAP,Australia,NA,60,Original metadata entry,NA,NA,NA,NA
RRAP-ECO03-2022-Spis-OCLB-720,Spis-OCLB-720,-18.944062,147.699285,Original metadata entry,-18.944062,147.699285,5,5,4.7,NA,OCLB,OCLB_FL1S,OCLB_FL1S,ECO03,Stylophora pistillata,Spis,NA,NA,NA,Offshore Central GBR,Little Broadhurst,Flank1,Shallow,9,NA,NA,NA,NA,NA,Little Broadhurst,10:00,Zoe Meziere,21,1,2022,NA,GPS EcoRRAP sites,20,NA,NA,Zoe Meziere,P5240106 |P5240107,GBRMPA G21/44774.1,Riginos,RRAP,Australia,NA,60,Original metadata entry,NA,NA,NA,NA
RRAP-ECO03-2022-Spis-OCLB-724,Spis-OCLB-724,-18.944062,147.699285,Original metadata entry,-18.944062,147.699285,5,5,4.7,NA,OCLB,OCLB_FL1S,OCLB_FL1S,ECO03,Stylophora pistillata,Spis,NA,NA,NA,Offshore Central GBR,Little Broadhurst,Flank1,Shallow,14,NA,NA,NA,NA,NA,Little Broadhurst,10:00,Zoe Meziere,21,1,2022,NA,GPS EcoRRAP sites,20,NA,NA,Zoe Meziere,P5240106 |P5240107,GBRMPA G21/44774.1,Riginos,RRAP,Australia,NA,60,Original metadata entry,NA,NA,NA,NA
RRAP-ECO03-2022-Spis-OCLB-725,Spis-OCLB-725,-18.949382,147.701909,Original metadata entry,-18.949382,147.701909,5,5,3.4,NA,OCLB,OCLB_LA1S,OCLB_LA1S,ECO03,Stylophora pistillata,Spis,NA,NA,NA,Offshore Central GBR,Little Broadhurst,Lagoon1,Shallow,5,NA,NA,NA,NA,NA,Little Broadhurst,15:00,Zoe Meziere,21,1,2022,NA,GPS EcoRRAP sites,20,NA,NA,Zoe Meziere,P5240106 |P5240107,GBRMPA G21/44774.1,Riginos,RRAP,Australia,NA,60,Original metadata entry,NA,NA,NA,NA
RRAP-ECO03-2022-Spis-OCLB-728,Spis-OCLB-728,-18.949382,147.701909,Original metadata entry,-18.949382,147.701909,5,5,3.4,NA,OCLB,OCLB_LA1S,OCLB_LA1S,ECO03,Stylophora pistillata,Spis,NA,NA,NA,Offshore Central GBR,Little Broadhurst,Lagoon1,Shallow,4,NA,NA,NA,NA,NA,Little Broadhurst,15:00,Zoe Meziere,21,1,2022,NA,GPS EcoRRAP sites,20,NA,NA,Zoe Meziere,P5240106 |P5240107,GBRMPA G21/44774.1,Riginos,RRAP,Australia,NA,60,Original metadata entry,NA,NA,NA,NA
RRAP-ECO03-2022-Spis-OCLB-731,Spis-OCLB-731,-18.949382,147.701909,Original metadata entry,-18.949382,147.701909,5,5,3.4,NA,OCLB,OCLB_LA1S,OCLB_LA1S,ECO03,Stylophora pistillata,Spis,NA,NA,NA,Offshore Central GBR,Little Broadhurst,Lagoon1,Shallow,12,NA,NA,NA,NA,NA,Little Broadhurst,15:00,Zoe Meziere,21,1,2022,NA,GPS EcoRRAP sites,20,NA,NA,Zoe Meziere,P5240106 |P5240107,GBRMPA G21/44774.1,Riginos,RRAP,Australia,NA,60,Original metadata entry,NA,NA,NA,NA
RRAP-ECO03-2022-Spis-OCLB-734,Spis-OCLB-734,-18.949382,147.701909,Original metadata entry,-18.949382,147.701909,5,5,3.4,NA,OCLB,OCLB_LA1S,OCLB_LA1S,ECO03,Stylophora pistillata,Spis,NA,NA,NA,Offshore Central GBR,Little Broadhurst,Lagoon1,Shallow,10,NA,NA,NA,NA,NA,Little Broadhurst,15:00,Zoe Meziere,21,1,2022,Bleached,GPS EcoRRAP sites,20,NA,NA,Zoe Meziere,P5240106 |P5240107,GBRMPA G21/44774.1,Riginos,RRAP,Australia,NA,60,Original metadata entry,NA,NA,NA,NA
RRAP-ECO03-2022-Spis-OCLB-738,Spis-OCLB-738,-18.949382,147.701909,Original metadata entry,-18.949382,147.701909,5,5,3.4,NA,OCLB,OCLB_LA1S,OCLB_LA1S,ECO03,Stylophora pistillata,Spis,NA,NA,NA,Offshore Central GBR,Little Broadhurst,Lagoon1,Shallow,11,NA,NA,NA,NA,NA,Little Broadhurst,19:00,Zoe Meziere,21,1,2022,NA,GPS EcoRRAP sites,20,NA,NA,Zoe Meziere,P5240106 |P5240111,GBRMPA G21/44774.1,Riginos,RRAP,Australia,NA,60,Original metadata entry,NA,NA,NA,NA
RRAP-ECO03-2022-Spis-OCLB-739,Spis-OCLB-739,-18.949382,147.701909,Original metadata entry,-18.949382,147.701909,5,5,3.4,NA,OCLB,OCLB_LA1S,OCLB_LA1S,ECO03,Stylophora pistillata,Spis,NA,NA,NA,Offshore Central GBR,Little Broadhurst,Lagoon1,Shallow,6,NA,NA,NA,NA,NA,Little Broadhurst,20:00,Zoe Meziere,21,1,2022,NA,GPS EcoRRAP sites,20,NA,NA,Zoe Meziere,P5240106 |P5240112,GBRMPA G21/44774.1,Riginos,RRAP,Australia,NA,60,Original metadata entry,NA,NA,NA,NA
RRAP-ECO03-2021-Spis-ONLI-441,Spis-ONLI-441,-14.691274,145.46938,Original metadata entry,-14.691274,145.46938,3,5,4.6,NA,ONLI,ONLI_FR1S,ONLI_FR1S,ECO03,Stylophora pistillata,Spis,NA,NA,NA,Offshore North GBR ,Lizard Island,Front1,Shallow,6,NA,NA,NA,NA,NA,Lizard Island,9:30,Zoe Meziere,30,10,2021,NA,GPS EcoRRAP sites,20,NA,NA,Zoe Meziere,NA,GBRMPA G21/44774.1,Riginos,RRAP,Australia,NA,60,Original metadata entry,NA,NA,NA,NA
RRAP-ECO03-2021-Spis-ONLI-442,Spis-ONLI-442,-14.691274,145.46938,Original metadata entry,-14.691274,145.46938,3,5,4.6,NA,ONLI,ONLI_FR1S,ONLI_FR1S,ECO03,Stylophora pistillata,Spis,NA,NA,NA,Offshore North GBR ,Lizard Island,Front1,Shallow,9,NA,NA,NA,NA,NA,Lizard Island,9:30,Zoe Meziere,30,10,2021,NA,GPS EcoRRAP sites,20,NA,NA,Zoe Meziere,NA,GBRMPA G21/44774.1,Riginos,RRAP,Australia,NA,60,Original metadata entry,NA,NA,NA,NA
RRAP-ECO03-2022-Spis-OCDA-672,Spis-OCDA-672,-18.80592,147.6688,Original metadata entry,-18.80592,147.6688,15,15,12,NA,OCDA,OCDA_FL1D,OCDA_FL1D,ECO03,Stylophora pistillata,Spis,NA,NA,NA,Offshore Central GBR,Davies,Flank1,Deep,1,NA,NA,NA,NA,NA,Davies,16:00,Zoe Meziere,19,1,2022,NA,GPS EcoRRAP sites,20,NA,NA,Zoe Meziere,P5240106 |P5240107,GBRMPA G21/44774.1,Riginos,RRAP,Australia,NA,60,Original metadata entry,NA,NA,NA,NA
RRAP-ECO03-2022-Spis-OCDA-675,Spis-OCDA-675,-18.80592,147.6688,Original metadata entry,-18.80592,147.6688,15,15,12,NA,OCDA,OCDA_FL1D,OCDA_FL1D,ECO03,Stylophora pistillata,Spis,NA,NA,NA,Offshore Central GBR,Davies,Flank1,Deep,6,NA,NA,NA,NA,NA,Davies,16:00,Zoe Meziere,19,1,2022,NA,GPS EcoRRAP sites,20,NA,NA,Zoe Meziere,P5240106 |P5240107,GBRMPA G21/44774.1,Riginos,RRAP,Australia,NA,60,Original metadata entry,NA,NA,NA,NA
RRAP-ECO03-2021-Spis-ONLI-448,Spis-ONLI-448,-14.691274,145.46938,Original metadata entry,-14.691274,145.46938,3,5,4.6,NA,ONLI,ONLI_FR1S,ONLI_FR1S,ECO03,Stylophora pistillata,Spis,NA,NA,NA,Offshore North GBR ,Lizard Island,Front1,Shallow,11,NA,NA,NA,NA,NA,Lizard Island,9:30,Zoe Meziere,30,10,2021,NA,GPS EcoRRAP sites,20,NA,NA,Zoe Meziere,NA,GBRMPA G21/44774.1,Riginos,RRAP,Australia,NA,60,Original metadata entry,NA,NA,NA,NA
RRAP-ECO03-2021-Spis-ONLI-449,Spis-ONLI-449,-14.698098,145.445447,Original metadata entry,-14.6980975,145.445447,4,4,4,NA,ONLI,ONLI_FL1S,ONLI_FL1S,ECO03,Stylophora pistillata,Spis,NA,NA,NA,Offshore North GBR ,Lizard Island,Flank1,Shallow,7,NA,NA,NA,NA,NA,Lizard Island,14:00,Zoe Meziere,30,10,2021,NA,GPS EcoRRAP sites,20,NA,NA,Zoe Meziere,NA,GBRMPA G21/44774.1,Riginos,RRAP,Australia,NA,60,Original metadata entry,NA,NA,NA,NA
RRAP-ECO03-2021-Spis-ONLI-455,Spis-ONLI-455,-14.698098,145.445447,Original metadata entry,-14.6980975,145.445447,4,4,4,NA,ONLI,ONLI_FL1S,ONLI_FL1S,ECO03,Stylophora pistillata,Spis,NA,NA,NA,Offshore North GBR ,Lizard Island,Flank1,Shallow,14,NA,NA,NA,NA,NA,Lizard Island,14:00,Zoe Meziere,30,10,2021,NA,GPS EcoRRAP sites,20,NA,NA,Zoe Meziere,NA,GBRMPA G21/44774.1,Riginos,RRAP,Australia,NA,60,Original metadata entry,NA,NA,NA,NA
RRAP-ECO03-2021-Spis-ONLI-456,Spis-ONLI-456,-14.698098,145.445447,Original metadata entry,-14.6980975,145.445447,4,4,4,NA,ONLI,ONLI_FL1S,ONLI_FL1S,ECO03,Stylophora pistillata,Spis,NA,NA,NA,Offshore North GBR ,Lizard Island,Flank1,Shallow,15,NA,NA,NA,NA,NA,Lizard Island,14:00,Zoe Meziere,30,10,2021,NA,GPS EcoRRAP sites,20,NA,NA,Zoe Meziere,NA,GBRMPA G21/44774.1,Riginos,RRAP,Australia,NA,60,Original metadata entry,NA,NA,NA,NA
RRAP-ECO03-2021-Spis-ONLI-465,Spis-ONLI-465,-14.649439,145.492935,Original metadata entry,-14.649439,145.492935,5,5,4.4,NA,ONLI,ONLI_FR2S,ONLI_FR2S,ECO03,Stylophora pistillata,Spis,NA,NA,NA,Offshore North GBR ,Lizard Island,Front2,Shallow,9,NA,NA,NA,NA,NA,Lizard Island,9:30,Zoe Meziere,31,10,2021,NA,GPS EcoRRAP sites,20,NA,NA,Zoe Meziere,NA,GBRMPA G21/44774.1,Riginos,RRAP,Australia,NA,60,Original metadata entry,NA,NA,NA,NA
RRAP-ECO03-2021-Spis-ONLI-467,Spis-ONLI-467,-14.649439,145.492935,Original metadata entry,-14.649439,145.492935,5,5,4.4,NA,ONLI,ONLI_FR2S,ONLI_FR2S,ECO03,Stylophora pistillata,Spis,NA,NA,NA,Offshore North GBR ,Lizard Island,Front2,Shallow,10,NA,NA,NA,NA,NA,Lizard Island,9:30,Zoe Meziere,31,10,2021,NA,GPS EcoRRAP sites,20,NA,NA,Zoe Meziere,NA,GBRMPA G21/44774.1,Riginos,RRAP,Australia,NA,60,Original metadata entry,NA,NA,NA,NA
RRAP-ECO03-2021-Spis-ONLI-468,Spis-ONLI-468,-14.649439,145.492935,Original metadata entry,-14.649439,145.492935,5,5,4.4,NA,ONLI,ONLI_FR2S,ONLI_FR2S,ECO03,Stylophora pistillata,Spis,NA,NA,NA,Offshore North GBR ,Lizard Island,Front2,Shallow,14,NA,NA,NA,NA,NA,Lizard Island,9:30,Zoe Meziere,31,10,2021,NA,GPS EcoRRAP sites,20,NA,NA,Zoe Meziere,NA,GBRMPA G21/44774.1,Riginos,RRAP,Australia,NA,60,Original metadata entry,NA,NA,NA,NA
RRAP-ECO03-2021-Spis-ONLI-484,Spis-ONLI-484,-14.667794,145.441894,Zone-level backup coordinates,NA,NA,5,5,3.1,NA,ONLI,ONLI_BA2S,ONLI_BA2S,ECO03,Stylophora pistillata,Spis,NA,NA,NA,Offshore North GBR ,Lizard Island,Back2,Shallow,9,NA,NA,NA,NA,NA,Lizard Island,13:00,Zoe Meziere,31,10,2021,NA,GPS EcoRRAP sites,20,NA,NA,Zoe Meziere,NA,GBRMPA G21/44774.1,Riginos,RRAP,Australia,NA,60,Zone-level backup coordinates,NA,NA,NA,NA
RRAP-ECO03-2021-Spis-ONMO-404,Spis-ONMO-404,-16.847173,146.217432,Original metadata entry,-16.8471725,146.2174315,12,12,9.3,NA,ONMO,ONMO_BA1D,ONMO_BA1D,ECO03,Stylophora pistillata,Spis,NA,NA,NA,Offshore North GBR ,Moore Reef,Back1,Deep,9,NA,NA,NA,NA,NA,Moore Reef,14:00,Zoe Meziere,28,10,2021,NA,GPS EcoRRAP sites,20,NA,NA,Zoe Meziere,NA,GBRMPA G21/44774.1,Riginos,RRAP,Australia,NA,60,Original metadata entry,NA,NA,NA,NA
RRAP-ECO03-2021-Spis-ONMO-408,Spis-ONMO-408,-16.847173,146.217432,Original metadata entry,-16.8471725,146.2174315,12,12,9.3,NA,ONMO,ONMO_BA1D,ONMO_BA1D,ECO03,Stylophora pistillata,Spis,NA,NA,NA,Offshore North GBR ,Moore Reef,Back1,Deep,14,NA,NA,NA,NA,NA,Moore Reef,14:00,Zoe Meziere,28,10,2021,NA,GPS EcoRRAP sites,20,NA,NA,Zoe Meziere,NA,GBRMPA G21/44774.1,Riginos,RRAP,Australia,NA,60,Original metadata entry,NA,NA,NA,NA
RRAP-ECO03-2021-Spis-ONLI-491,Spis-ONLI-491,-14.687707,145.465276,Original metadata entry,-14.6877065,145.465276,5,5,3.7,NA,ONLI,ONLI_LA1S,ONLI_LA1S,ECO03,Stylophora pistillata,Spis,NA,NA,NA,Offshore North GBR ,Lizard Island,Lagoon1,Shallow,11,NA,NA,NA,NA,NA,Lizard Island,10:00,Zoe Meziere,1,11,2021,NA,GPS EcoRRAP sites,20,NA,NA,Zoe Meziere,NA,GBRMPA G21/44774.1,Riginos,RRAP,Australia,NA,60,Original metadata entry,NA,NA,NA,NA
RRAP-ECO03-2021-Spis-ONLI-493,Spis-ONLI-493,-14.687707,145.465276,Original metadata entry,-14.6877065,145.465276,5,5,3.7,NA,ONLI,ONLI_LA1S,ONLI_LA1S,ECO03,Stylophora pistillata,Spis,NA,NA,NA,Offshore North GBR ,Lizard Island,Lagoon1,Shallow,3,NA,NA,NA,NA,NA,Lizard Island,10:00,Zoe Meziere,1,11,2021,NA,GPS EcoRRAP sites,20,NA,NA,Zoe Meziere,NA,GBRMPA G21/44774.1,Riginos,RRAP,Australia,NA,60,Original metadata entry,NA,NA,NA,NA
RRAP-ECO03-2021-Spis-ONLI-494,Spis-ONLI-494,-14.687707,145.465276,Original metadata entry,-14.6877065,145.465276,5,5,3.7,NA,ONLI,ONLI_LA1S,ONLI_LA1S,ECO03,Stylophora pistillata,Spis,NA,NA,NA,Offshore North GBR ,Lizard Island,Lagoon1,Shallow,9,NA,NA,NA,NA,NA,Lizard Island,10:00,Zoe Meziere,1,11,2021,NA,GPS EcoRRAP sites,20,NA,NA,Zoe Meziere,NA,GBRMPA G21/44774.1,Riginos,RRAP,Australia,NA,60,Original metadata entry,NA,NA,NA,NA
RRAP-ECO03-2021-Spis-ONMO-415,Spis-ONMO-415,-16.881947,146.18378,Original metadata entry,-16.881947,146.1837795,10,10,8.4,NA,ONMO,ONMO_BA2D,ONMO_BA2D,ECO03,Stylophora pistillata,Spis,NA,NA,NA,Offshore North GBR ,Moore Reef,Back2,Deep,5,NA,NA,NA,NA,NA,Moore Reef,10:00,Zoe Meziere,29,10,2021,NA,GPS EcoRRAP sites,20,NA,NA,Zoe Meziere,NA,GBRMPA G21/44774.1,Riginos,RRAP,Australia,NA,60,Original metadata entry,NA,NA,NA,NA
RRAP-ECO03-2021-Spis-ONMO-416,Spis-ONMO-416,-16.881947,146.18378,Original metadata entry,-16.881947,146.1837795,10,10,8.4,NA,ONMO,ONMO_BA2D,ONMO_BA2D,ECO03,Stylophora pistillata,Spis,NA,NA,NA,Offshore North GBR ,Moore Reef,Back2,Deep,15,NA,NA,NA,NA,NA,Moore Reef,10:00,Zoe Meziere,29,10,2021,NA,GPS EcoRRAP sites,20,NA,NA,Zoe Meziere,NA,GBRMPA G21/44774.1,Riginos,RRAP,Australia,NA,60,Original metadata entry,NA,NA,NA,NA
RRAP-ECO03-2021-Spis-ONMO-419,Spis-ONMO-419,-16.881947,146.18378,Original metadata entry,-16.881947,146.1837795,10,10,8.4,NA,ONMO,ONMO_BA2D,ONMO_BA2D,ECO03,Stylophora pistillata,Spis,NA,NA,NA,Offshore North GBR ,Moore Reef,Back2,Deep,14,NA,NA,NA,NA,NA,Moore Reef,10:00,Zoe Meziere,29,10,2021,NA,GPS EcoRRAP sites,20,NA,NA,Zoe Meziere,NA,GBRMPA G21/44774.1,Riginos,RRAP,Australia,NA,60,Original metadata entry,NA,NA,NA,NA
RRAP-ECO03-2021-Spis-ONMO-427,Spis-ONMO-427,-16.882002,146.183993,Original metadata entry,-16.8820015,146.183993,3,5,3.6,NA,ONMO,ONMO_BA2S,ONMO_BA2S,ECO03,Stylophora pistillata,Spis,NA,NA,NA,Offshore North GBR ,Moore Reef,Back2,Shallow,9,NA,NA,NA,NA,NA,Moore Reef,14:30,Zoe Meziere,29,10,2021,NA,GPS EcoRRAP sites,20,NA,NA,Zoe Meziere,NA,GBRMPA G21/44774.1,Riginos,RRAP,Australia,NA,60,Original metadata entry,NA,NA,NA,NA
RRAP-ECO03-2022-Spis-PAPE-545,Spis-PAOR-545,-18.57151,146.49538,Original metadata entry,-18.57151,146.49538,12,12,7.4,NA,PAOR,PAOR_FL1D,PAOR_FL1D,ECO03,Stylophora pistillata,Spis,NA,NA,NA,Inshore Central GBR,Orpheus,Flank1,Deep,15,NA,NA,NA,NA,NA,Palm Islands,10:30,Zoe Meziere,13,1,2022,NA,GPS EcoRRAP sites,20,NA,NA,Zoe Meziere,P5240106 |P5240107,GBRMPA G21/44774.1,Riginos,RRAP,Australia,NA,60,Original metadata entry,NA,NA,NA,NA
RRAP-ECO03-2022-Spis-PAPE-548,Spis-PAOR-548,-18.57151,146.49538,Original metadata entry,-18.57151,146.49538,12,12,7.4,NA,PAOR,PAOR_FL1D,PAOR_FL1D,ECO03,Stylophora pistillata,Spis,NA,NA,NA,Inshore Central GBR,Orpheus,Flank1,Deep,5,NA,NA,NA,NA,NA,Palm Islands,10:30,Zoe Meziere,13,1,2022,NA,GPS EcoRRAP sites,20,NA,NA,Zoe Meziere,P5240106 |P5240107,GBRMPA G21/44774.1,Riginos,RRAP,Australia,NA,60,Original metadata entry,NA,NA,NA,NA
RRAP-ECO03-2022-Spis-PAPE-550,Spis-PAOR-550,-18.57151,146.49538,Original metadata entry,-18.57151,146.49538,12,12,7.4,NA,PAOR,PAOR_FL1D,PAOR_FL1D,ECO03,Stylophora pistillata,Spis,NA,NA,NA,Inshore Central GBR,Orpheus,Flank1,Deep,4,NA,NA,NA,NA,NA,Palm Islands,10:30,Zoe Meziere,13,1,2022,NA,GPS EcoRRAP sites,20,NA,NA,Zoe Meziere,P5240106 |P5240107,GBRMPA G21/44774.1,Riginos,RRAP,Australia,NA,60,Original metadata entry,NA,NA,NA,NA
RRAP-ECO03-2022-Spis-PAPE-551,Spis-PAOR-551,-18.57151,146.49538,Original metadata entry,-18.57151,146.49538,12,12,7.4,NA,PAOR,PAOR_FL1D,PAOR_FL1D,ECO03,Stylophora pistillata,Spis,NA,NA,NA,Inshore Central GBR,Orpheus,Flank1,Deep,11,NA,NA,NA,NA,NA,Palm Islands,10:30,Zoe Meziere,13,1,2022,NA,GPS EcoRRAP sites,20,NA,NA,Zoe Meziere,P5240106 |P5240107,GBRMPA G21/44774.1,Riginos,RRAP,Australia,NA,60,Original metadata entry,NA,NA,NA,NA
RRAP-ECO03-2022-Spis-PAPE-528,Spis-PAPE-528,-18.53935,146.4995,Original metadata entry,-18.53935,146.4995,13,13,10.2,NA,PAPE,PAPE_FR1D,PAPE_FR1D,ECO03,Stylophora pistillata,Spis,NA,NA,NA,Inshore Central GBR,Pelorus,Front1,Deep,14,NA,NA,NA,NA,NA,Palm Islands,10:00,Zoe Meziere,11,1,2022,NA,GPS EcoRRAP sites,20,NA,NA,Zoe Meziere,P5240106 |P5240107,GBRMPA G21/44774.1,Riginos,RRAP,Australia,NA,60,Original metadata entry,NA,NA,NA,NA
RRAP-ECO03-2022-Spis-PAPE-529,Spis-PAPE-529,-18.53935,146.4995,Original metadata entry,-18.53935,146.4995,13,13,10.2,NA,PAPE,PAPE_FR1D,PAPE_FR1D,ECO03,Stylophora pistillata,Spis,NA,NA,NA,Inshore Central GBR,Pelorus,Front1,Deep,8,NA,NA,NA,NA,NA,Palm Islands,10:00,Zoe Meziere,11,1,2022,NA,GPS EcoRRAP sites,20,NA,NA,Zoe Meziere,P5240106 |P5240107,GBRMPA G21/44774.1,Riginos,RRAP,Australia,NA,60,Original metadata entry,NA,NA,NA,NA
RRAP-ECO03-2022-Spis-PAPE-530,Spis-PAPE-530,-18.53935,146.4995,Original metadata entry,-18.53935,146.4995,13,13,10.2,NA,PAPE,PAPE_FR1D,PAPE_FR1D,ECO03,Stylophora pistillata,Spis,NA,NA,NA,Inshore Central GBR,Pelorus,Front1,Deep,5,NA,NA,NA,NA,NA,Palm Islands,10:00,Zoe Meziere,11,1,2022,NA,GPS EcoRRAP sites,20,NA,NA,Zoe Meziere,P5240106 |P5240107,GBRMPA G21/44774.1,Riginos,RRAP,Australia,NA,60,Original metadata entry,NA,NA,NA,NA
RRAP-ECO03-2022-Spis-PAPE-531,Spis-PAPE-531,-18.53935,146.4995,Original metadata entry,-18.53935,146.4995,13,13,10.2,NA,PAPE,PAPE_FR1D,PAPE_FR1D,ECO03,Stylophora pistillata,Spis,NA,NA,NA,Inshore Central GBR,Pelorus,Front1,Deep,10,NA,NA,NA,NA,NA,Palm Islands,10:00,Zoe Meziere,11,1,2022,NA,GPS EcoRRAP sites,20,NA,NA,Zoe Meziere,P5240106 |P5240107,GBRMPA G21/44774.1,Riginos,RRAP,Australia,NA,60,Original metadata entry,NA,NA,NA,NA
RRAP-ECO03-2022-Spis-PAPE-532,Spis-PAPE-532,-18.53935,146.4995,Original metadata entry,-18.53935,146.4995,13,13,10.2,NA,PAPE,PAPE_FR1D,PAPE_FR1D,ECO03,Stylophora pistillata,Spis,NA,NA,NA,Inshore Central GBR,Pelorus,Front1,Deep,13,NA,NA,NA,NA,NA,Palm Islands,10:00,Zoe Meziere,11,1,2022,NA,GPS EcoRRAP sites,20,NA,NA,Zoe Meziere,P5240106 |P5240107,GBRMPA G21/44774.1,Riginos,RRAP,Australia,NA,60,Original metadata entry,NA,NA,NA,NA
RRAP-ECO03-2021-Spis-ONMO-327,Spis-ONMO-327,-16.872083,146.25367,Original metadata entry,-16.872083,146.2536695,10,12,10.4,NA,ONMO,ONMO_FR1D,ONMO_FR1D,ECO03,Stylophora pistillata,Spis,NA,NA,NA,Offshore North GBR ,Moore Reef,Front1,Deep,5,NA,NA,NA,NA,NA,Moore Reef,9:00,Zoe Meziere,25,10,2021,NA,GPS EcoRRAP sites,20,NA,NA,Zoe Meziere,NA,GBRMPA G21/44774.1,Riginos,RRAP,Australia,NA,60,Original metadata entry,NA,NA,NA,NA
RRAP-ECO03-2021-Spis-ONMO-328,Spis-ONMO-328,-16.872083,146.25367,Original metadata entry,-16.872083,146.2536695,10,12,10.4,NA,ONMO,ONMO_FR1D,ONMO_FR1D,ECO03,Stylophora pistillata,Spis,NA,NA,NA,Offshore North GBR ,Moore Reef,Front1,Deep,12,NA,NA,NA,NA,NA,Moore Reef,9:00,Zoe Meziere,25,10,2021,NA,GPS EcoRRAP sites,20,NA,NA,Zoe Meziere,NA,GBRMPA G21/44774.1,Riginos,RRAP,Australia,NA,60,Original metadata entry,NA,NA,NA,NA
RRAP-ECO03-2021-Spis-ONMO-333,Spis-ONMO-333,-16.872083,146.25367,Original metadata entry,-16.872083,146.2536695,10,12,10.4,NA,ONMO,ONMO_FR1D,ONMO_FR1D,ECO03,Stylophora pistillata,Spis,NA,NA,NA,Offshore North GBR ,Moore Reef,Front1,Deep,11,NA,NA,NA,NA,NA,Moore Reef,9:00,Zoe Meziere,25,10,2021,NA,GPS EcoRRAP sites,20,NA,NA,Zoe Meziere,NA,GBRMPA G21/44774.1,Riginos,RRAP,Australia,NA,60,Original metadata entry,NA,NA,NA,NA
RRAP-ECO03-2021-Spis-ONMO-334,Spis-ONMO-334,-16.872083,146.25367,Original metadata entry,-16.872083,146.2536695,10,12,10.4,NA,ONMO,ONMO_FR1D,ONMO_FR1D,ECO03,Stylophora pistillata,Spis,NA,NA,NA,Offshore North GBR ,Moore Reef,Front1,Deep,3,NA,NA,NA,NA,NA,Moore Reef,9:00,Zoe Meziere,25,10,2021,NA,GPS EcoRRAP sites,20,NA,NA,Zoe Meziere,NA,GBRMPA G21/44774.1,Riginos,RRAP,Australia,NA,60,Original metadata entry,NA,NA,NA,NA
RRAP-ECO03-2021-Spis-ONMO-342,Spis-ONMO-342,-16.872041,146.253615,Original metadata entry,-16.872041,146.2536145,5,5,4.5,NA,ONMO,ONMO_FR1S,ONMO_FR1S,ECO03,Stylophora pistillata,Spis,NA,NA,NA,Offshore North GBR ,Moore Reef,Front1,Shallow,1,NA,NA,NA,NA,NA,Moore Reef,14:00,Zoe Meziere,25,10,2021,NA,GPS EcoRRAP sites,20,NA,NA,Zoe Meziere,NA,GBRMPA G21/44774.1,Riginos,RRAP,Australia,NA,60,Original metadata entry,NA,NA,NA,NA
RRAP-ECO03-2021-Spis-ONMO-347,Spis-ONMO-347,-16.883036,146.244797,Original metadata entry,-16.8830355,146.244797,12,15,10.9,NA,ONMO,ONMO_FR2D,ONMO_FR2D,ECO03,Stylophora pistillata,Spis,NA,NA,NA,Offshore North GBR ,Moore Reef,Front2,Deep,2,NA,NA,NA,NA,NA,Moore Reef,9:00,Zoe Meziere,26,10,2021,NA,GPS EcoRRAP sites,20,NA,NA,Zoe Meziere,NA,GBRMPA G21/44774.1,Riginos,RRAP,Australia,NA,60,Original metadata entry,NA,NA,NA,NA
RRAP-ECO03-2021-Spis-ONMO-348,Spis-ONMO-348,-16.883036,146.244797,Original metadata entry,-16.8830355,146.244797,12,15,10.9,NA,ONMO,ONMO_FR2D,ONMO_FR2D,ECO03,Stylophora pistillata,Spis,NA,NA,NA,Offshore North GBR ,Moore Reef,Front2,Deep,1,NA,NA,NA,NA,NA,Moore Reef,9:00,Zoe Meziere,26,10,2021,NA,GPS EcoRRAP sites,20,NA,NA,Zoe Meziere,NA,GBRMPA G21/44774.1,Riginos,RRAP,Australia,NA,60,Original metadata entry,NA,NA,NA,NA
RRAP-ECO03-2021-Spis-ONMO-349,Spis-ONMO-349,-16.883036,146.244797,Original metadata entry,-16.8830355,146.244797,12,15,10.9,NA,ONMO,ONMO_FR2D,ONMO_FR2D,ECO03,Stylophora pistillata,Spis,NA,NA,NA,Offshore North GBR ,Moore Reef,Front2,Deep,7,NA,NA,NA,NA,NA,Moore Reef,9:00,Zoe Meziere,26,10,2021,NA,GPS EcoRRAP sites,20,NA,NA,Zoe Meziere,NA,GBRMPA G21/44774.1,Riginos,RRAP,Australia,NA,60,Original metadata entry,NA,NA,NA,NA
RRAP-ECO03-2021-Spis-ONMO-350,Spis-ONMO-350,-16.883036,146.244797,Original metadata entry,-16.8830355,146.244797,12,15,10.9,NA,ONMO,ONMO_FR2D,ONMO_FR2D,ECO03,Stylophora pistillata,Spis,NA,NA,NA,Offshore North GBR ,Moore Reef,Front2,Deep,11,NA,NA,NA,NA,NA,Moore Reef,9:00,Zoe Meziere,26,10,2021,NA,GPS EcoRRAP sites,20,NA,NA,Zoe Meziere,NA,GBRMPA G21/44774.1,Riginos,RRAP,Australia,NA,60,Original metadata entry,NA,NA,NA,NA
RRAP-ECO03-2021-Spis-ONMO-351,Spis-ONMO-351,-16.883036,146.244797,Original metadata entry,-16.8830355,146.244797,12,15,10.9,NA,ONMO,ONMO_FR2D,ONMO_FR2D,ECO03,Stylophora pistillata,Spis,NA,NA,NA,Offshore North GBR ,Moore Reef,Front2,Deep,6,NA,NA,NA,NA,NA,Moore Reef,9:00,Zoe Meziere,26,10,2021,NA,GPS EcoRRAP sites,20,NA,NA,Zoe Meziere,NA,GBRMPA G21/44774.1,Riginos,RRAP,Australia,NA,60,Original metadata entry,NA,NA,NA,NA
RRAP-ECO03-2021-Spis-ONMO-360,Spis-ONMO-360,-16.882674,146.244602,Original metadata entry,-16.882674,146.244602,5,5,3.8,NA,ONMO,ONMO_FR2S,ONMO_FR2S,ECO03,Stylophora pistillata,Spis,NA,NA,NA,Offshore North GBR ,Moore Reef,Front2,Shallow,12,NA,NA,NA,NA,NA,Moore Reef,14:30,Zoe Meziere,26,10,2021,NA,GPS EcoRRAP sites,20,NA,NA,Zoe Meziere,NA,GBRMPA G21/44774.1,Riginos,RRAP,Australia,NA,60,Original metadata entry,NA,NA,NA,NA
RRAP-ECO03-2021-Spis-ONMO-362,Spis-ONMO-362,-16.882674,146.244602,Original metadata entry,-16.882674,146.244602,5,5,3.8,NA,ONMO,ONMO_FR2S,ONMO_FR2S,ECO03,Stylophora pistillata,Spis,NA,NA,NA,Offshore North GBR ,Moore Reef,Front2,Shallow,8,NA,NA,NA,NA,NA,Moore Reef,14:30,Zoe Meziere,26,10,2021,NA,GPS EcoRRAP sites,20,NA,NA,Zoe Meziere,NA,GBRMPA G21/44774.1,Riginos,RRAP,Australia,NA,60,Original metadata entry,NA,NA,NA,NA
RRAP-ECO03-2021-Spis-ONLI-443,Spis-ONLI-443,-14.691274,145.46938,Original metadata entry,-14.691274,145.46938,3,5,4.6,NA,ONLI,ONLI_FR1S,ONLI_FR1S,ECO03,Stylophora pistillata,Spis,NA,NA,NA,Offshore North GBR ,Lizard Island,Front1,Shallow,4,NA,NA,NA,NA,NA,Lizard Island,9:30,Zoe Meziere,30,10,2021,NA,GPS EcoRRAP sites,20,NA,NA,Zoe Meziere,NA,GBRMPA G21/44774.1,Riginos,RRAP,Australia,NA,60,Original metadata entry,NA,NA,NA,NA
RRAP-ECO03-2021-Spis-ONLI-445,Spis-ONLI-445,-14.691274,145.46938,Original metadata entry,-14.691274,145.46938,3,5,4.6,NA,ONLI,ONLI_FR1S,ONLI_FR1S,ECO03,Stylophora pistillata,Spis,NA,NA,NA,Offshore North GBR ,Lizard Island,Front1,Shallow,13,NA,NA,NA,NA,NA,Lizard Island,9:30,Zoe Meziere,30,10,2021,NA,GPS EcoRRAP sites,20,NA,NA,Zoe Meziere,NA,GBRMPA G21/44774.1,Riginos,RRAP,Australia,NA,60,Original metadata entry,NA,NA,NA,NA
RRAP-ECO03-2021-Spis-ONMO-381,Spis-ONMO-381,-16.859841,146.225679,Original metadata entry,-16.859841,146.2256785,5,5,3.9,NA,ONMO,ONMO_LA1S,ONMO_LA1S,ECO03,Stylophora pistillata,Spis,NA,NA,NA,Offshore North GBR ,Moore Reef,Lagoon1,Shallow,6,NA,NA,NA,NA,NA,Moore Reef,14:00,Zoe Meziere,27,10,2021,NA,GPS EcoRRAP sites,20,NA,NA,Zoe Meziere,NA,GBRMPA G21/44774.1,Riginos,RRAP,Australia,NA,60,Original metadata entry,NA,NA,NA,NA
RRAP-ECO03-2021-Spis-ONMO-382,Spis-ONMO-382,-16.859841,146.225679,Original metadata entry,-16.859841,146.2256785,5,5,3.9,NA,ONMO,ONMO_LA1S,ONMO_LA1S,ECO03,Stylophora pistillata,Spis,NA,NA,NA,Offshore North GBR ,Moore Reef,Lagoon1,Shallow,4,NA,NA,NA,NA,NA,Moore Reef,14:00,Zoe Meziere,27,10,2021,NA,GPS EcoRRAP sites,20,NA,NA,Zoe Meziere,NA,GBRMPA G21/44774.1,Riginos,RRAP,Australia,NA,60,Original metadata entry,NA,NA,NA,NA
RRAP-ECO03-2021-Spis-ONMO-385,Spis-ONMO-385,-16.859841,146.225679,Original metadata entry,-16.859841,146.2256785,5,5,3.9,NA,ONMO,ONMO_LA1S,ONMO_LA1S,ECO03,Stylophora pistillata,Spis,NA,NA,NA,Offshore North GBR ,Moore Reef,Lagoon1,Shallow,8,NA,NA,NA,NA,NA,Moore Reef,14:00,Zoe Meziere,27,10,2021,NA,GPS EcoRRAP sites,20,NA,NA,Zoe Meziere,NA,GBRMPA G21/44774.1,Riginos,RRAP,Australia,NA,60,Original metadata entry,NA,NA,NA,NA
RRAP-ECO03-2021-Spis-ONMO-386,Spis-ONMO-386,-16.859841,146.225679,Original metadata entry,-16.859841,146.2256785,5,5,3.9,NA,ONMO,ONMO_LA1S,ONMO_LA1S,ECO03,Stylophora pistillata,Spis,NA,NA,NA,Offshore North GBR ,Moore Reef,Lagoon1,Shallow,15,NA,NA,NA,NA,NA,Moore Reef,14:00,Zoe Meziere,27,10,2021,NA,GPS EcoRRAP sites,20,NA,NA,Zoe Meziere,NA,GBRMPA G21/44774.1,Riginos,RRAP,Australia,NA,60,Original metadata entry,NA,NA,NA,NA
RRAP-ECO03-2021-Spis-ONMO-393,Spis-ONMO-393,-16.859925,146.225746,Original metadata entry,-16.8599245,146.2257455,10,10,10.3,NA,ONMO,ONMO_LA1D,ONMO_LA1D,ECO03,Stylophora pistillata,Spis,NA,NA,NA,Offshore North GBR ,Moore Reef,Lagoon1,Deep,5,NA,NA,NA,NA,NA,Moore Reef,9:30,Zoe Meziere,28,10,2021,NA,GPS EcoRRAP sites,20,NA,NA,Zoe Meziere,NA,GBRMPA G21/44774.1,Riginos,RRAP,Australia,NA,60,Original metadata entry,NA,NA,NA,NA
RRAP-ECO03-2021-Spis-ONMO-395,Spis-ONMO-395,-16.859925,146.225746,Original metadata entry,-16.8599245,146.2257455,10,10,10.3,NA,ONMO,ONMO_LA1D,ONMO_LA1D,ECO03,Stylophora pistillata,Spis,NA,NA,NA,Offshore North GBR ,Moore Reef,Lagoon1,Deep,15,NA,NA,NA,NA,NA,Moore Reef,9:30,Zoe Meziere,28,10,2021,NA,GPS EcoRRAP sites,20,NA,NA,Zoe Meziere,NA,GBRMPA G21/44774.1,Riginos,RRAP,Australia,NA,60,Original metadata entry,NA,NA,NA,NA
RRAP-ECO03-2021-Spis-ONMO-396,Spis-ONMO-396,-16.859925,146.225746,Original metadata entry,-16.8599245,146.2257455,10,10,10.3,NA,ONMO,ONMO_LA1D,ONMO_LA1D,ECO03,Stylophora pistillata,Spis,NA,NA,NA,Offshore North GBR ,Moore Reef,Lagoon1,Deep,6,NA,NA,NA,NA,NA,Moore Reef,9:30,Zoe Meziere,28,10,2021,NA,GPS EcoRRAP sites,20,NA,NA,Zoe Meziere,NA,GBRMPA G21/44774.1,Riginos,RRAP,Australia,NA,60,Original metadata entry,NA,NA,NA,NA
RRAP-ECO03-2021-Spis-ONMO-403,Spis-ONMO-403,-16.847173,146.217432,Original metadata entry,-16.8471725,146.2174315,12,12,9.3,NA,ONMO,ONMO_BA1D,ONMO_BA1D,ECO03,Stylophora pistillata,Spis,NA,NA,NA,Offshore North GBR ,Moore Reef,Back1,Deep,10,NA,NA,NA,NA,NA,Moore Reef,14:00,Zoe Meziere,28,10,2021,NA,GPS EcoRRAP sites,20,NA,NA,Zoe Meziere,NA,GBRMPA G21/44774.1,Riginos,RRAP,Australia,NA,60,Original metadata entry,NA,NA,NA,NA
RRAP-ECO03-2022-Spis-PAPE-558,Spis-PAPE-558,-18.54103,146.48862,Original metadata entry,-18.54103,146.48862,3,3,2.4,NA,PAPE,PAPE_BA2S,PAPE_BA2S,ECO03,Stylophora pistillata,Spis,NA,NA,NA,Inshore Central GBR,Pelorus,Back2,Shallow,1,NA,NA,NA,NA,NA,Palm Islands,14:00,Zoe Meziere,13,1,2022,NA,GPS EcoRRAP sites,20,NA,NA,Zoe Meziere,P5240106 |P5240107,GBRMPA G21/44774.1,Riginos,RRAP,Australia,NA,60,Original metadata entry,NA,NA,NA,NA
RRAP-ECO03-2022-Spis-PAPE-562,Spis-PAPE-562,-18.54103,146.48862,Original metadata entry,-18.54103,146.48862,3,3,2.4,NA,PAPE,PAPE_BA2S,PAPE_BA2S,ECO03,Stylophora pistillata,Spis,NA,NA,NA,Inshore Central GBR,Pelorus,Back2,Shallow,NA,NA,NA,NA,NA,NA,Palm Islands,14:00,Zoe Meziere,13,1,2022,NA,GPS EcoRRAP sites,20,NA,NA,Zoe Meziere,NA,GBRMPA G21/44774.1,Riginos,RRAP,Australia,NA,60,Original metadata entry,NA,NA,NA,NA
RRAP-ECO03-2021-Spis-ONMO-410,Spis-ONMO-410,-16.847173,146.217432,Original metadata entry,-16.8471725,146.2174315,12,12,9.3,NA,ONMO,ONMO_BA1D,ONMO_BA1D,ECO03,Stylophora pistillata,Spis,NA,NA,NA,Offshore North GBR ,Moore Reef,Back1,Deep,3,NA,NA,NA,NA,NA,Moore Reef,14:00,Zoe Meziere,28,10,2021,NA,GPS EcoRRAP sites,20,NA,NA,Zoe Meziere,NA,GBRMPA G21/44774.1,Riginos,RRAP,Australia,NA,60,Original metadata entry,NA,NA,NA,NA
RRAP-ECO03-2021-Spis-ONMO-412,Spis-ONMO-412,-16.847173,146.217432,Original metadata entry,-16.8471725,146.2174315,12,12,9.3,NA,ONMO,ONMO_BA1D,ONMO_BA1D,ECO03,Stylophora pistillata,Spis,NA,NA,NA,Offshore North GBR ,Moore Reef,Back1,Deep,5,NA,NA,NA,NA,NA,Moore Reef,14:00,Zoe Meziere,28,10,2021,NA,GPS EcoRRAP sites,20,NA,NA,Zoe Meziere,NA,GBRMPA G21/44774.1,Riginos,RRAP,Australia,NA,60,Original metadata entry,NA,NA,NA,NA
RRAP-ECO03-2021-Spis-ONMO-414,Spis-ONMO-414,-16.881947,146.18378,Original metadata entry,-16.881947,146.1837795,10,10,8.4,NA,ONMO,ONMO_BA2D,ONMO_BA2D,ECO03,Stylophora pistillata,Spis,NA,NA,NA,Offshore North GBR ,Moore Reef,Back2,Deep,6,NA,NA,NA,NA,NA,Moore Reef,10:00,Zoe Meziere,29,10,2021,NA,GPS EcoRRAP sites,20,NA,NA,Zoe Meziere,NA,GBRMPA G21/44774.1,Riginos,RRAP,Australia,NA,60,Original metadata entry,NA,NA,NA,NA
RRAP-ECO03-2022-Spis-PAPE-533,Spis-PAPE-533,-18.53935,146.4995,Original metadata entry,-18.53935,146.4995,13,13,10.2,NA,PAPE,PAPE_FR1D,PAPE_FR1D,ECO03,Stylophora pistillata,Spis,NA,NA,NA,Inshore Central GBR,Pelorus,Front1,Deep,11,NA,NA,NA,NA,NA,Palm Islands,10:00,Zoe Meziere,11,1,2022,NA,GPS EcoRRAP sites,20,NA,NA,Zoe Meziere,P5240106 |P5240107,GBRMPA G21/44774.1,Riginos,RRAP,Australia,NA,60,Original metadata entry,NA,NA,NA,NA
RRAP-ECO03-2022-Spis-PAPE-535,Spis-PAPE-535,-18.53935,146.4995,Original metadata entry,-18.53935,146.4995,13,13,10.2,NA,PAPE,PAPE_FR1D,PAPE_FR1D,ECO03,Stylophora pistillata,Spis,NA,NA,NA,Inshore Central GBR,Pelorus,Front1,Deep,15,NA,NA,NA,NA,NA,Palm Islands,10:00,Zoe Meziere,11,1,2022,NA,GPS EcoRRAP sites,20,NA,NA,Zoe Meziere,P5240106 |P5240107,GBRMPA G21/44774.1,Riginos,RRAP,Australia,NA,60,Original metadata entry,NA,NA,NA,NA
RRAP-ECO03-2022-Spis-PAPE-538,Spis-PAPE-538,-18.53935,146.4995,Original metadata entry,-18.53935,146.4995,13,13,10.2,NA,PAPE,PAPE_FR1D,PAPE_FR1D,ECO03,Stylophora pistillata,Spis,NA,NA,NA,Inshore Central GBR,Pelorus,Front1,Deep,4,NA,NA,NA,NA,NA,Palm Islands,10:00,Zoe Meziere,11,1,2022,NA,GPS EcoRRAP sites,20,NA,NA,Zoe Meziere,P5240106 |P5240107,GBRMPA G21/44774.1,Riginos,RRAP,Australia,NA,60,Original metadata entry,NA,NA,NA,NA
RRAP-ECO03-2022-Spis-PAPE-539,Spis-PAPE-539,-18.53935,146.4995,Original metadata entry,-18.53935,146.4995,13,13,10.2,NA,PAPE,PAPE_FR1D,PAPE_FR1D,ECO03,Stylophora pistillata,Spis,NA,NA,NA,Inshore Central GBR,Pelorus,Front1,Deep,3,NA,NA,NA,NA,NA,Palm Islands,10:00,Zoe Meziere,11,1,2022,NA,GPS EcoRRAP sites,20,NA,NA,Zoe Meziere,P5240106 |P5240107,GBRMPA G21/44774.1,Riginos,RRAP,Australia,NA,60,Original metadata entry,NA,NA,NA,NA
RRAP-ECO03-2022-Spis-PAPE-540,Spis-PAPE-540,-18.53935,146.4995,Original metadata entry,-18.53935,146.4995,13,13,10.2,NA,PAPE,PAPE_FR1D,PAPE_FR1D,ECO03,Stylophora pistillata,Spis,NA,NA,NA,Inshore Central GBR,Pelorus,Front1,Deep,1,NA,NA,NA,NA,NA,Palm Islands,10:00,Zoe Meziere,11,1,2022,NA,GPS EcoRRAP sites,20,NA,NA,Zoe Meziere,P5240106 |P5240107,GBRMPA G21/44774.1,Riginos,RRAP,Australia,NA,60,Original metadata entry,NA,NA,NA,NA
RRAP-ECO03-2022-Spis-PAPE-541,Spis-PAPE-541,-18.55054,146.48822,Original metadata entry,-18.55054,146.48822,13,13,10.4,NA,PAPE,PAPE_BA1D,PAPE_BA1D,ECO03,Stylophora pistillata,Spis,NA,NA,NA,Inshore Central GBR,Pelorus,Back1,Deep,12,NA,NA,NA,NA,NA,Palm Islands,10:00,Zoe Meziere,12,1,2022,NA,GPS EcoRRAP sites,20,NA,NA,Zoe Meziere,P5240106 |P5240107,GBRMPA G21/44774.1,Riginos,RRAP,Australia,NA,60,Original metadata entry,NA,NA,NA,NA
RRAP-ECO03-2022-Spis-PAPE-542,Spis-PAPE-542,-18.55054,146.48822,Original metadata entry,-18.55054,146.48822,13,13,10.4,NA,PAPE,PAPE_BA1D,PAPE_BA1D,ECO03,Stylophora pistillata,Spis,NA,NA,NA,Inshore Central GBR,Pelorus,Back1,Deep,14,NA,NA,NA,NA,NA,Palm Islands,10:00,Zoe Meziere,12,1,2022,NA,GPS EcoRRAP sites,20,NA,NA,Zoe Meziere,P5240106 |P5240107,GBRMPA G21/44774.1,Riginos,RRAP,Australia,NA,60,Original metadata entry,NA,NA,NA,NA
RRAP-ECO03-2022-Spis-PAPE-543,Spis-PAPE-543,-18.55054,146.48822,Original metadata entry,-18.55054,146.48822,13,13,10.4,NA,PAPE,PAPE_BA1D,PAPE_BA1D,ECO03,Stylophora pistillata,Spis,NA,NA,NA,Inshore Central GBR,Pelorus,Back1,Deep,3,NA,NA,NA,NA,NA,Palm Islands,10:00,Zoe Meziere,12,1,2022,NA,GPS EcoRRAP sites,20,NA,NA,Zoe Meziere,P5240106 |P5240107,GBRMPA G21/44774.1,Riginos,RRAP,Australia,NA,60,Original metadata entry,NA,NA,NA,NA
RRAP-ECO03-2021-Spis-ONMO-363,Spis-ONMO-363,-16.882674,146.244602,Original metadata entry,-16.882674,146.244602,5,5,3.8,NA,ONMO,ONMO_FR2S,ONMO_FR2S,ECO03,Stylophora pistillata,Spis,NA,NA,NA,Offshore North GBR ,Moore Reef,Front2,Shallow,2,NA,NA,NA,NA,NA,Moore Reef,14:30,Zoe Meziere,26,10,2021,NA,GPS EcoRRAP sites,20,NA,NA,Zoe Meziere,NA,GBRMPA G21/44774.1,Riginos,RRAP,Australia,NA,60,Original metadata entry,NA,NA,NA,NA
RRAP-ECO03-2021-Spis-ONMO-364,Spis-ONMO-364,-16.882674,146.244602,Original metadata entry,-16.882674,146.244602,5,5,3.8,NA,ONMO,ONMO_FR2S,ONMO_FR2S,ECO03,Stylophora pistillata,Spis,NA,NA,NA,Offshore North GBR ,Moore Reef,Front2,Shallow,15,NA,NA,NA,NA,NA,Moore Reef,14:30,Zoe Meziere,26,10,2021,NA,GPS EcoRRAP sites,20,NA,NA,Zoe Meziere,NA,GBRMPA G21/44774.1,Riginos,RRAP,Australia,NA,60,Original metadata entry,NA,NA,NA,NA
RRAP-ECO03-2022-Spis-PAPE-564,Spis-PAPE-564,-18.54103,146.48862,Original metadata entry,-18.54103,146.48862,3,3,2.4,NA,PAPE,PAPE_BA2S,PAPE_BA2S,ECO03,Stylophora pistillata,Spis,NA,NA,NA,Inshore Central GBR,Pelorus,Back2,Shallow,11,NA,NA,NA,NA,NA,Palm Islands,14:00,Zoe Meziere,13,1,2022,NA,GPS EcoRRAP sites,20,NA,NA,Zoe Meziere,P5240106 |P5240107,GBRMPA G21/44774.1,Riginos,RRAP,Australia,NA,60,Original metadata entry,NA,NA,NA,NA
RRAP-ECO03-2022-Spis-PAPE-566,Spis-PAPE-566,-18.54083,146.48846,Original metadata entry,-18.54083,146.48846,12,12,9.3,NA,PAPE,PAPE_BA2D,PAPE_BA2D,ECO03,Stylophora pistillata,Spis,NA,NA,NA,Inshore Central GBR,Pelorus,Back2,Deep,15,NA,NA,NA,NA,NA,Palm Islands,15:00,Zoe Meziere,14,1,2022,NA,GPS EcoRRAP sites,20,NA,NA,Zoe Meziere,P5240106 |P5240107,GBRMPA G21/44774.1,Riginos,RRAP,Australia,NA,60,Original metadata entry,NA,NA,NA,NA
RRAP-ECO03-2021-Spis-CBHE-256,Spis-CBHE-256,-23.428042,151.952424,Mean of StakeA and StakeB,-23.428043,151.952453,12,15,11.7,NA,CBHE,CBHE_BA1D,CBHE_BA1D_P1,ECO03,Stylophora pistillata,Spis,NA,NA,NA,Offshore South GBR,Heron Island,Back1,Deep,111,105,NA,NA,1,NA,Heron Island,11:54,Tom Richards,18,9,2021,NA,GPS EcoRRAP sites,20,NA,NA,Katharine Prata,NA,GBRMPA G21/44774.1,Riginos,RRAP,Australia,NA,6,Mean of StakeA and StakeB,NA,NA,NA,NA
RRAP-ECO03-2021-Spis-CBHE-259,Spis-CBHE-259,-23.428403,151.952614,Mean of StakeA and StakeB,-23.4284405,151.952418,1,5,5.1,NA,CBHE,CBHE_BA1S,CBHE_BA1S_P1,ECO03,Stylophora pistillata,Spis,NA,NA,NA,Offshore South GBR,Heron Island,Back1,Shallow,2,108,NA,NA,1,NA,Heron Island,12:00,Ilha Byrne,19,9,2021,NA,GPS EcoRRAP sites,20,NA,NA,Zoe Meziere | Ilha Byrne,NA,GBRMPA G21/44774.1,Riginos,RRAP,Australia,NA,6,Mean of StakeA and StakeB,NA,NA,NA,NA
RRAP-ECO03-2022-Spis-CBHE-1382,Spis-CBHE-1382,-23.428454,151.952486,Mean of StakeA and StakeB,NA,NA,5,5,4.8,NA,CBHE,CBHE_BA1S,CBHE_BA1S_P2,ECO03,Stylophora pistillata,Spis,NA,NA,NA,Offshore South GBR,Heron Island,Back1,Shallow,34,not on ortho,NA,NA,2,NA,Heron Island,14:30,Iva Popovic,8,5,2022,NA,GPS EcoRRAP sites,NA,NA,NA,Iva Popovic,NA,GBRMPA G21/44774.1,Riginos,RRAP,Australia,NA,6,Mean of StakeA and StakeB,NA,NA,NA,NA
RRAP-ECO03-2022-Spis-CBHE-1396,Spis-CBHE-1396,-23.43404,151.920592,Mean of StakeA and StakeB,NA,NA,12,12,10.5,NA,CBHE,CBHE_BA2D,CBHE_BA2D_P1,ECO03,Stylophora pistillata,Spis,NA,NA,NA,Offshore South GBR,Heron Island,Back2,Deep,39,Spis_90,2021,NA,1,NA,Heron Island,10:00,Iva Popovic,9,5,2022,NA,GPS EcoRRAP sites,NA,NA,NA,Iva Popovic,NA,GBRMPA G21/44774.1,Riginos,RRAP,Australia,NA,6,Mean of StakeA and StakeB,NA,NA,NA,NA
RRAP-ECO03-2022-Spis-CBHE-1398,Spis-CBHE-1398,-23.43398,151.920474,Mean of StakeA and StakeB,NA,NA,12,12,10.5,NA,CBHE,CBHE_BA2D,CBHE_BA2D_P2,ECO03,Stylophora pistillata,Spis,NA,NA,NA,Offshore South GBR,Heron Island,Back2,Deep,13,"not on ortho, off plot",NA,NA,2,NA,Heron Island,10:00,Iva Popovic,9,5,2022,NA,GPS EcoRRAP sites,NA,NA,NA,Iva Popovic,NA,GBRMPA G21/44774.1,Riginos,RRAP,Australia,NA,6,Mean of StakeA and StakeB,NA,NA,NA,NA
RRAP-ECO03-2022-Spis-CBHE-1400,Spis-CBHE-1400,-23.43398,151.920474,Mean of StakeA and StakeB,NA,NA,12,12,10.5,NA,CBHE,CBHE_BA2D,CBHE_BA2D_P2,ECO03,Stylophora pistillata,Spis,NA,NA,NA,Offshore South GBR,Heron Island,Back2,Deep,3,"not on ortho, off plot",NA,NA,2,NA,Heron Island,10:00,Iva Popovic,9,5,2022,NA,GPS EcoRRAP sites,NA,NA,NA,Iva Popovic,NA,GBRMPA G21/44774.1,Riginos,RRAP,Australia,NA,6,Mean of StakeA and StakeB,NA,NA,NA,NA
RRAP-ECO03-2022-Spis-CBHE-1408,Spis-CBHE-1408,-23.434092,151.920032,Mean of StakeA and StakeB,NA,NA,12,12,10.1,NA,CBHE,CBHE_BA2D,CBHE_BA2D_P4,ECO03,Stylophora pistillata,Spis,NA,NA,NA,Offshore South GBR,Heron Island,Back2,Deep,33,not on ortho,NA,NA,4,NA,Heron Island,10:00,Iva Popovic,9,5,2022,NA,GPS EcoRRAP sites,NA,NA,NA,Iva Popovic,NA,GBRMPA G21/44774.1,Riginos,RRAP,Australia,NA,6,Mean of StakeA and StakeB,NA,NA,NA,NA
RRAP-ECO03-2022-Spis-CBHE-1412,Spis-CBHE-1412,-23.433933,151.921201,Mean of StakeA and StakeB,NA,NA,5,5,4.1,NA,CBHE,CBHE_BA2S,CBHE_BA2S_P1,ECO03,Stylophora pistillata,Spis,NA,NA,NA,Offshore South GBR,Heron Island,Back2,Shallow,3,not on ortho,NA,NA,1,NA,Heron Island,14:30,Iva Popovic,9,5,2022,NA,GPS EcoRRAP sites,NA,NA,NA,Iva Popovic,NA,GBRMPA G21/44774.1,Riginos,RRAP,Australia,NA,6,Mean of StakeA and StakeB,NA,NA,NA,NA
RRAP-ECO03-2022-Spis-CBHE-1418,Spis-CBHE-1418,-23.434023,151.92083,Mean of StakeA and StakeB,NA,NA,5,5,3.8,NA,CBHE,CBHE_BA2S,CBHE_BA2S_P3,ECO03,Stylophora pistillata,Spis,NA,NA,NA,Offshore South GBR,Heron Island,Back2,Shallow,24,not on ortho,NA,NA,3,NA,Heron Island,14:30,Iva Popovic,9,5,2022,NA,GPS EcoRRAP sites,NA,NA,NA,Iva Popovic,NA,GBRMPA G21/44774.1,Riginos,RRAP,Australia,NA,6,Mean of StakeA and StakeB,NA,NA,NA,NA
RRAP-ECO03-2022-Spis-CBHE-1423,Spis-CBHE-1423,-23.434039,151.920667,Mean of StakeA and StakeB,NA,NA,5,5,3.9,NA,CBHE,CBHE_BA2S,CBHE_BA2S_P4,ECO03,Stylophora pistillata,Spis,NA,NA,NA,Offshore South GBR,Heron Island,Back2,Shallow,31,Spis_36,2021,NA,4,NA,Heron Island,14:30,Iva Popovic,9,5,2022,NA,GPS EcoRRAP sites,NA,NA,NA,Iva Popovic,NA,GBRMPA G21/44774.1,Riginos,RRAP,Australia,NA,6,Mean of StakeA and StakeB,NA,NA,NA,NA
RRAP-ECO03-2022-Spis-CBHE-1334,Spis-CBHE-1334,-23.456009,151.925543,Mean of StakeA and StakeB,NA,NA,5,5,3.6,NA,CBHE,CBHE_FL1S,CBHE_FL1S_P1,ECO03,Stylophora pistillata,Spis,NA,NA,NA,Offshore South GBR,Heron Island,Flank1,Shallow,37,Spis_7,2021,NA,1,NA,Heron Island,10:00,Iva Popovic,7,5,2022,NA,GPS EcoRRAP sites,NA,NA,NA,Iva Popovic,NA,GBRMPA G21/44774.1,Riginos,RRAP,Australia,NA,6,Mean of StakeA and StakeB,NA,NA,NA,NA
RRAP-ECO03-2022-Spis-CBHE-1335,Spis-CBHE-1335,-23.45611,151.925544,Mean of StakeA and StakeB,NA,NA,5,5,3.7,NA,CBHE,CBHE_FL1S,CBHE_FL1S_P2,ECO03,Stylophora pistillata,Spis,NA,NA,NA,Offshore South GBR,Heron Island,Flank1,Shallow,39,Spis_23,2021,NA,2,NA,Heron Island,10:00,Iva Popovic,7,5,2022,NA,GPS EcoRRAP sites,NA,NA,NA,Iva Popovic,NA,GBRMPA G21/44774.1,Riginos,RRAP,Australia,NA,6,Mean of StakeA and StakeB,NA,NA,NA,NA
RRAP-ECO03-2022-Spis-CBHE-1346,Spis-CBHE-1346,-23.456329,151.925771,Mean of StakeA and StakeB,NA,NA,5,5,5.3,NA,CBHE,CBHE_FL1S,CBHE_FL1S_P4,ECO03,Stylophora pistillata,Spis,NA,NA,NA,Offshore South GBR,Heron Island,Flank1,Shallow,17,Spis_27,2021,NA,4,NA,Heron Island,10:00,Iva Popovic,7,5,2022,NA,GPS EcoRRAP sites,NA,NA,NA,Iva Popovic,NA,GBRMPA G21/44774.1,Riginos,RRAP,Australia,NA,6,Mean of StakeA and StakeB,NA,NA,NA,NA
RRAP-ECO03-2022-Spis-CBHE-1324,Spis-CBHE-1324,-23.471979,151.977698,Mean of StakeA and StakeB,NA,NA,5,5,6.1,NA,CBHE,CBHE_FR1S,CBHE_FR1S_P2,ECO03,Stylophora pistillata,Spis,NA,NA,NA,Offshore South GBR,Heron Island,Front1,Shallow,6,Spis_43,2021,NA,2,NA,Heron Island,14:30,Iva Popovic,6,5,2022,NA,GPS EcoRRAP sites,NA,NA,NA,Iva Popovic,NA,GBRMPA G21/44774.1,Riginos,RRAP,Australia,NA,6,Mean of StakeA and StakeB,NA,NA,NA,NA
RRAP-ECO03-2022-Spis-CBHE-1279,Spis-CBHE-1279,-23.470813,151.950752,Mean of StakeA and StakeB,NA,NA,12,12,11.2,NA,CBHE,CBHE_FR2D,CBHE_FR2D_P1,ECO03,Stylophora pistillata,Spis,NA,NA,NA,Offshore South GBR,Heron Island,Front2,Deep,28,Spis_16,2021,NA,1,NA,Heron Island,10:00,Iva Popovic,5,5,2022,NA,GPS EcoRRAP sites,NA,NA,NA,Iva Popovic,NA,GBRMPA G21/44774.1,Riginos,RRAP,Australia,NA,6,Mean of StakeA and StakeB,NA,NA,NA,NA
RRAP-ECO03-2022-Spis-CBHE-1281,Spis-CBHE-1281,-23.470813,151.950752,Mean of StakeA and StakeB,NA,NA,12,12,11.2,NA,CBHE,CBHE_FR2D,CBHE_FR2D_P1,ECO03,Stylophora pistillata,Spis,NA,NA,NA,Offshore South GBR,Heron Island,Front2,Deep,34,not on ortho,NA,NA,1,NA,Heron Island,10:00,Iva Popovic,5,5,2022,NA,GPS EcoRRAP sites,NA,NA,NA,Iva Popovic,NA,GBRMPA G21/44774.1,Riginos,RRAP,Australia,NA,6,Mean of StakeA and StakeB,NA,NA,NA,NA
RRAP-ECO03-2022-Spis-CBHE-1282,Spis-CBHE-1282,-23.470846,151.95092,Mean of StakeA and StakeB,NA,NA,12,12,11.8,NA,CBHE,CBHE_FR2D,CBHE_FR2D_P2,ECO03,Stylophora pistillata,Spis,NA,NA,NA,Offshore South GBR,Heron Island,Front2,Deep,12,Spis_90,2021,NA,2,NA,Heron Island,10:00,Iva Popovic,5,5,2022,NA,GPS EcoRRAP sites,NA,NA,NA,Iva Popovic,NA,GBRMPA G21/44774.1,Riginos,RRAP,Australia,NA,6,Mean of StakeA and StakeB,NA,NA,NA,NA
RRAP-ECO03-2022-Spis-CBHE-1284,Spis-CBHE-1284,-23.470846,151.95092,Mean of StakeA and StakeB,NA,NA,12,12,11.8,NA,CBHE,CBHE_FR2D,CBHE_FR2D_P2,ECO03,Stylophora pistillata,Spis,NA,NA,NA,Offshore South GBR,Heron Island,Front2,Deep,32,Spis_47,2021,NA,2,NA,Heron Island,10:00,Iva Popovic,5,5,2022,NA,GPS EcoRRAP sites,NA,NA,NA,Iva Popovic,NA,GBRMPA G21/44774.1,Riginos,RRAP,Australia,NA,6,Mean of StakeA and StakeB,NA,NA,NA,NA
RRAP-ECO03-2022-Spis-CBHE-1287,Spis-CBHE-1287,-23.470867,151.951202,Only StakeA,NA,NA,12,12,11.6,NA,CBHE,CBHE_FR2D,CBHE_FR2D_P3,ECO03,Stylophora pistillata,Spis,NA,NA,NA,Offshore South GBR,Heron Island,Front2,Deep,11,Spis_97,2021,NA,3,NA,Heron Island,10:00,Iva Popovic,5,5,2022,NA,GPS EcoRRAP sites,NA,NA,NA,Iva Popovic,NA,GBRMPA G21/44774.1,Riginos,RRAP,Australia,NA,10,Only StakeA,NA,NA,NA,NA
RRAP-ECO03-2022-Spis-CBHE-1289,Spis-CBHE-1289,-23.470385,151.950706,Mean of StakeA and StakeB,NA,NA,5,5,5.5,NA,CBHE,CBHE_FR2S,CBHE_FR2S_P1,ECO03,Stylophora pistillata,Spis,NA,NA,NA,Offshore South GBR,Heron Island,Front2,Shallow,12,not on ortho,NA,NA,1,NA,Heron Island,14:30,Iva Popovic,5,5,2022,NA,GPS EcoRRAP sites,NA,NA,NA,Ilha Byrne,NA,GBRMPA G21/44774.1,Riginos,RRAP,Australia,NA,6,Mean of StakeA and StakeB,NA,NA,NA,NA
RRAP-ECO03-2022-Spis-CBLM-1261,Spis-CBLM-1261,-23.917562,152.392049,Mean of StakeA and StakeB,NA,NA,5,5,5.6,NA,CBLM,CBLM_FL2S,CBLM_FL2S_P1,ECO03,Stylophora pistillata,Spis,NA,NA,NA,Offshore South GBR,Lady Musgrave,Flank2,Shallow,8,Spis_195,2021,NA,1,NA,Lady Musgrave,14:00,Iva Popovic,4,5,2022,NA,GPS EcoRRAP sites,NA,NA,NA,Iva Popovic,NA,GBRMPA G21/44774.1,Riginos,RRAP,Australia,NA,6,Mean of StakeA and StakeB,NA,NA,NA,NA
RRAP-ECO03-2022-Spis-CBLM-1262,Spis-CBLM-1262,-23.917562,152.392049,Mean of StakeA and StakeB,NA,NA,5,5,5.6,NA,CBLM,CBLM_FL2S,CBLM_FL2S_P1,ECO03,Stylophora pistillata,Spis,NA,NA,NA,Offshore South GBR,Lady Musgrave,Flank2,Shallow,12,Spis_206,2021,NA,1,NA,Lady Musgrave,14:00,Iva Popovic,4,5,2022,NA,GPS EcoRRAP sites,NA,NA,NA,Iva Popovic,NA,GBRMPA G21/44774.1,Riginos,RRAP,Australia,NA,6,Mean of StakeA and StakeB,NA,NA,NA,NA
RRAP-ECO03-2022-Spis-CBLM-1259,Spis-CBLM-1259,-23.917562,152.392049,Mean of StakeA and StakeB,NA,NA,5,5,5.6,NA,CBLM,CBLM_FL2S,CBLM_FL2S_P1,ECO03,Stylophora pistillata,Spis,NA,NA,NA,Offshore South GBR,Lady Musgrave,Flank2,Shallow,30,Spis_51,no note,NA,1,NA,Lady Musgrave,14:00,Iva Popovic,4,5,2022,NA,GPS EcoRRAP sites,NA,NA,NA,Iva Popovic,NA,GBRMPA G21/44774.1,Riginos,RRAP,Australia,NA,6,Mean of StakeA and StakeB,NA,NA,NA,NA
RRAP-ECO03-2022-Spis-CBLM-1264,Spis-CBLM-1264,-23.917562,152.392049,Mean of StakeA and StakeB,NA,NA,5,5,5.6,NA,CBLM,CBLM_FL2S,CBLM_FL2S_P1,ECO03,Stylophora pistillata,Spis,NA,NA,NA,Offshore South GBR,Lady Musgrave,Flank2,Shallow,9,Spis_251,2021,NA,1,NA,Lady Musgrave,14:00,Iva Popovic,4,5,2022,NA,GPS EcoRRAP sites,NA,NA,NA,Iva Popovic,NA,GBRMPA G21/44774.1,Riginos,RRAP,Australia,NA,6,Mean of StakeA and StakeB,NA,NA,NA,NA
RRAP-ECO03-2022-Spis-CBLM-1271,Spis-CBLM-1271,-23.917494,152.392486,Mean of StakeA and StakeB,NA,NA,5,5,5.1,NA,CBLM,CBLM_FL2S,CBLM_FL2S_P3,ECO03,Stylophora pistillata,Spis,NA,NA,NA,Offshore South GBR,Lady Musgrave,Flank2,Shallow,38,Spis_35,2021,NA,3,NA,Lady Musgrave,14:00,Iva Popovic,4,5,2022,NA,GPS EcoRRAP sites,NA,NA,NA,Ilha Byrne,NA,GBRMPA G21/44774.1,Riginos,RRAP,Australia,NA,6,Mean of StakeA and StakeB,NA,NA,NA,NA
RRAP-ECO03-2022-Spis-CBLM-1274,Spis-CBLM-1274,-23.916998,152.392632,Mean of StakeA and StakeB,NA,NA,5,5,4.6,NA,CBLM,CBLM_FL2S,CBLM_FL2S_P4,ECO03,Stylophora pistillata,Spis,NA,NA,NA,Offshore South GBR,Lady Musgrave,Flank2,Shallow,2,Spis_7,2021,NA,4,NA,Lady Musgrave,14:00,Iva Popovic,4,5,2022,NA,GPS EcoRRAP sites,NA,NA,NA,Ilha Byrne,NA,GBRMPA G21/44774.1,Riginos,RRAP,Australia,NA,6,Mean of StakeA and StakeB,NA,NA,NA,NA
RRAP-ECO03-2022-Spis-CBLM-1275,Spis-CBLM-1275,-23.916998,152.392632,Mean of StakeA and StakeB,NA,NA,5,5,4.6,NA,CBLM,CBLM_FL2S,CBLM_FL2S_P4,ECO03,Stylophora pistillata,Spis,NA,NA,NA,Offshore South GBR,Lady Musgrave,Flank2,Shallow,20,Spis_20,2021,NA,4,NA,Lady Musgrave,14:00,Iva Popovic,4,5,2022,NA,GPS EcoRRAP sites,NA,NA,NA,Ilha Byrne,NA,GBRMPA G21/44774.1,Riginos,RRAP,Australia,NA,6,Mean of StakeA and StakeB,NA,NA,NA,NA
RRAP-ECO03-2022-Spis-CBLM-1239,Spis-CBLM-1239,-23.896076,152.414039,Mean of StakeA and StakeB,NA,NA,NA,NA,3.1,NA,CBLM,CBLM_LA1S,CBLM_LA1S,ECO03,Stylophora pistillata,Spis,NA,NA,NA,Offshore South GBR,Lady Musgrave,Lagoon1,Shallow,NA,NA,NA,NA,4,NA,Lady Musgrave,NA,NA,NA,NA,NA,NA,NA,NA,NA,NA,NA,NA,NA,NA,NA,NA,NA,NA,Mean of StakeA and StakeB,NA,NA,NA,NA
RRAP-ECO03-2022-Spis-OCCH-BLCH145A,BLCH145A,-18.653038,147.708644,Mean of StakeA and StakeB,NA,NA,NA,NA,5.8,NA,OCCH,OCCH_BA1S,OCCH_BA1S_P1,ECO03_BLCH,Stylophora pistillata,Spis,NA,NA,NA,Offshore Central GBR,Chicken,Back1,Shallow,1,Spis_9,NA,NA,P1,NA,Chicken,10:30,Zoe Meziere,1,4,2022,NA,NA,NA,NA,C2,Zoe Meziere,NA,GBRMPA G21/44774.1,Riginos,RRAP,Australia,NA,6,Mean of StakeA and StakeB,NA,NA,NA,NA
RRAP-ECO03-2022-Spis-OCCH-BLCH148A,BLCH148A,-18.653174,147.70855,Mean of StakeA and StakeB,NA,NA,NA,NA,5.1,NA,OCCH,OCCH_BA1S,OCCH_BA1S_P2,ECO03_BLCH,Stylophora pistillata,Spis,NA,NA,NA,Offshore Central GBR,Chicken,Back1,Shallow,16,Spis_3,NA,NA,P2,NA,Chicken,10:30,Zoe Meziere,1,4,2022,NA,NA,NA,NA,C2,Zoe Meziere,NA,GBRMPA G21/44774.1,Riginos,RRAP,Australia,NA,6,Mean of StakeA and StakeB,NA,NA,NA,NA
RRAP-ECO03-2022-Spis-OCCH-BLCH151A,BLCH151A,-18.653342,147.708605,Mean of StakeA and StakeB,NA,NA,NA,NA,5.1,NA,OCCH,OCCH_BA1S,OCCH_BA1S_P3,ECO03_BLCH,Stylophora pistillata,Spis,NA,NA,NA,Offshore Central GBR,Chicken,Back1,Shallow,17,Spis_8,NA,NA,P3,NA,Chicken,10:30,Zoe Meziere,1,4,2022,NA,NA,NA,NA,C2,Zoe Meziere,NA,GBRMPA G21/44774.1,Riginos,RRAP,Australia,NA,6,Mean of StakeA and StakeB,NA,NA,NA,NA
RRAP-ECO03-2022-Spis-OCCH-BLCH152A,BLCH152A,-18.653342,147.708605,Mean of StakeA and StakeB,NA,NA,NA,NA,5.1,NA,OCCH,OCCH_BA1S,OCCH_BA1S_P3,ECO03_BLCH,Stylophora pistillata,Spis,NA,NA,NA,Offshore Central GBR,Chicken,Back1,Shallow,3,Spis_13,NA,NA,P3,NA,Chicken,10:30,Zoe Meziere,1,4,2022,NA,NA,NA,NA,C2,Zoe Meziere,NA,GBRMPA G21/44774.1,Riginos,RRAP,Australia,NA,6,Mean of StakeA and StakeB,NA,NA,NA,NA
RRAP-ECO03-2022-Spis-OCCH-BLCH154A,BLCH154A,-18.653342,147.708605,Mean of StakeA and StakeB,NA,NA,NA,NA,5.1,NA,OCCH,OCCH_BA1S,OCCH_BA1S_P3,ECO03_BLCH,Stylophora pistillata,Spis,NA,NA,NA,Offshore Central GBR,Chicken,Back1,Shallow,33,Spis_11,NA,NA,P3,NA,Chicken,10:30,Zoe Meziere,1,4,2022,NA,NA,NA,NA,C3,Zoe Meziere,NA,GBRMPA G21/44774.1,Riginos,RRAP,Australia,NA,6,Mean of StakeA and StakeB,NA,NA,NA,NA
RRAP-ECO03-2022-Spis-OCCH-BLCH157A,BLCH157A,-18.653383,147.708433,Mean of StakeA and StakeB,NA,NA,NA,NA,4.8,NA,OCCH,OCCH_BA1S,OCCH_BA1S_P4,ECO03_BLCH,Stylophora pistillata,Spis,NA,NA,NA,Offshore Central GBR,Chicken,Back1,Shallow,34,Spis_34,NA,NA,P4,NA,Chicken,10:30,Zoe Meziere,1,4,2022,NA,NA,NA,NA,C2,Zoe Meziere,NA,GBRMPA G21/44774.1,Riginos,RRAP,Australia,NA,6,Mean of StakeA and StakeB,NA,NA,NA,NA
RRAP-ECO03-2022-Spis-OCCH-BLCH174A,BLCH174A,-18.660533,147.702401,Mean of StakeA and StakeB,NA,NA,NA,NA,4.1,NA,OCCH,OCCH_BA2S,OCCH_BA2S_P4,ECO03_BLCH,Stylophora pistillata,Spis,NA,NA,NA,Offshore Central GBR,Chicken,Back2,Shallow,19,Spis_10,NA,NA,P4,NA,Chicken,15:30,Zoe Meziere,1,4,2022,NA,NA,NA,NA,D1,Zoe Meziere,NA,GBRMPA G21/44774.1,Riginos,RRAP,Australia,NA,6,Mean of StakeA and StakeB,NA,NA,NA,NA
RRAP-ECO03-2022-Spis-OCDA-BLCH4A,BLCH4A,-18.82578,147.627365,Mean of StakeA and StakeB,NA,NA,NA,NA,11.7,NA,OCDA,OCDA_BA1D,OCDA_BA1D_P3,ECO03_BLCH,Stylophora pistillata,Spis,NA,NA,NA,Offshore Central GBR,Davies,Back1,Deep,10,Spis_21,NA,NA,P2,P3,Davies,10:30,Zoe Meziere,28,3,2022,NA,NA,NA,NA,C2,Zoe Meziere,NA,GBRMPA G21/44774.1,Riginos,RRAP,Australia,NA,6,Mean of StakeA and StakeB,NA,NA,NA,NA
RRAP-ECO03-2022-Spis-OCDA-BLCH16A,BLCH16A,-18.8259,147.62727,Zone-level backup coordinates,NA,NA,NA,NA,3.2,NA,OCDA,OCDA_BA1S,OCDA_BA1S_P3,ECO03_BLCH,Stylophora pistillata,Spis,NA,NA,NA,Offshore Central GBR,Davies,Back1,Shallow,5,Spis_8,NA,NA,P2,P3,Davies,14:30,Zoe Meziere,28,3,2022,NA,NA,NA,NA,C2,Zoe Meziere,NA,GBRMPA G21/44774.1,Riginos,RRAP,Australia,NA,30,Zone-level backup coordinates,NA,NA,NA,NA
RRAP-ECO03-2022-Spis-OCDA-BLCH20A,BLCH20A,-18.8259,147.62727,Zone-level backup coordinates,NA,NA,NA,NA,3.4,NA,OCDA,OCDA_BA1S,OCDA_BA1S_P2,ECO03_BLCH,Stylophora pistillata,Spis,NA,NA,NA,Offshore Central GBR,Davies,Back1,Shallow,16,Spis_14,NA,NA,P3,P2,Davies,14:30,Zoe Meziere,28,3,2022,NA,NA,NA,NA,C1,Zoe Meziere,NA,GBRMPA G21/44774.1,Riginos,RRAP,Australia,NA,30,Zone-level backup coordinates,NA,NA,NA,NA
RRAP-ECO03-2022-Spis-OCDA-BLCH9A,BLCH9A,-18.8259,147.62727,Only StakeB,NA,NA,NA,NA,4.4,NA,OCDA,OCDA_BA1S,OCDA_BA1S_P1,ECO03_BLCH,Stylophora pistillata,Spis,NA,NA,NA,Offshore Central GBR,Davies,Back1,Shallow,3,Spis_34,NA,NA,P4,P1,Davies,14:30,Zoe Meziere,28,3,2022,NA,NA,NA,NA,C2,Zoe Meziere,NA,GBRMPA G21/44774.1,Riginos,RRAP,Australia,NA,10,Only StakeB,NA,NA,NA,NA
RRAP-ECO03-2022-Spis-OCDA-BLCH11A,BLCH11A,-18.8259,147.62727,Only StakeB,NA,NA,NA,NA,4.4,NA,OCDA,OCDA_BA1S,OCDA_BA1S_P1,ECO03_BLCH,Stylophora pistillata,Spis,NA,NA,NA,Offshore Central GBR,Davies,Back1,Shallow,11,Spis_43,NA,NA,P4,P1,Davies,14:30,Zoe Meziere,28,3,2022,NA,NA,NA,NA,C1,Zoe Meziere,NA,GBRMPA G21/44774.1,Riginos,RRAP,Australia,NA,10,Only StakeB,NA,NA,NA,NA
RRAP-ECO03-2022-Spis-OCDA-BLCH10A,BLCH10A,-18.8259,147.62727,Only StakeB,NA,NA,NA,NA,4.4,NA,OCDA,OCDA_BA1S,OCDA_BA1S_P1,ECO03_BLCH,Stylophora pistillata,Spis,NA,NA,NA,Offshore Central GBR,Davies,Back1,Shallow,18,Spis_17,NA,NA,P4,P1,Davies,14:30,Zoe Meziere,28,3,2022,NA,NA,NA,NA,C2,Zoe Meziere,NA,GBRMPA G21/44774.1,Riginos,RRAP,Australia,NA,10,Only StakeB,NA,NA,NA,NA
RRAP-ECO03-2022-Spis-OCDA-BLCH101A,BLCH101A,-18.814495,147.637185,Mean of StakeA and StakeB,NA,NA,NA,NA,3.2,NA,OCDA,OCDA_BA2S,OCDA_BA2S_P1,ECO03_BLCH,Stylophora pistillata,Spis,NA,NA,NA,Offshore Central GBR,Davies,Back2,Shallow,31,Spis_51,NA,NA,P1,NA,Davies,16:00,Zoe Meziere,30,3,2022,NA,NA,NA,NA,C2,Zoe Meziere,NA,GBRMPA G21/44774.1,Riginos,RRAP,Australia,NA,6,Mean of StakeA and StakeB,NA,NA,NA,NA
RRAP-ECO03-2022-Spis-OCDA-BLCH55A,BLCH55A,-18.814495,147.637185,Mean of StakeA and StakeB,NA,NA,NA,NA,3.2,NA,OCDA,OCDA_BA2S,OCDA_BA2S_P1,ECO03_BLCH,Stylophora pistillata,Spis,NA,NA,NA,Offshore Central GBR,Davies,Back2,Shallow,16,Spis_20,NA,NA,P1,NA,Davies,16:00,Zoe Meziere,29,3,2022,NA,NA,NA,NA,C2,Zoe Meziere,NA,GBRMPA G21/44774.1,Riginos,RRAP,Australia,NA,6,Mean of StakeA and StakeB,NA,NA,NA,NA
RRAP-ECO03-2022-Spis-OCDA-BLCH86A,BLCH86A,-18.814495,147.637185,Mean of StakeA and StakeB,NA,NA,NA,NA,3.2,NA,OCDA,OCDA_BA2S,OCDA_BA2S_P1,ECO03_BLCH,Stylophora pistillata,Spis,NA,NA,NA,Offshore Central GBR,Davies,Back2,Shallow,14,Spis_10,NA,NA,P1,NA,Davies,16:00,Zoe Meziere,30,3,2022,NA,NA,NA,NA,C2,Zoe Meziere,NA,GBRMPA G21/44774.1,Riginos,RRAP,Australia,NA,6,Mean of StakeA and StakeB,NA,NA,NA,NA
RRAP-ECO03-2022-Spis-OCDA-BLCH87A,BLCH87A,-18.814495,147.637185,Mean of StakeA and StakeB,NA,NA,NA,NA,3.2,NA,OCDA,OCDA_BA2S,OCDA_BA2S_P1,ECO03_BLCH,Stylophora pistillata,Spis,NA,NA,NA,Offshore Central GBR,Davies,Back2,Shallow,32,Spis_11,NA,NA,P1,NA,Davies,16:00,Zoe Meziere,30,3,2022,NA,NA,NA,NA,D3,Zoe Meziere,NA,GBRMPA G21/44774.1,Riginos,RRAP,Australia,NA,6,Mean of StakeA and StakeB,NA,NA,NA,NA
RRAP-ECO03-2022-Spis-OCDA-BLCH91A,BLCH91A,-18.814495,147.637185,Mean of StakeA and StakeB,NA,NA,NA,NA,3.2,NA,OCDA,OCDA_BA2S,OCDA_BA2S_P1,ECO03_BLCH,Stylophora pistillata,Spis,NA,NA,NA,Offshore Central GBR,Davies,Back2,Shallow,33,Spis_24,NA,NA,P1,NA,Davies,16:00,Zoe Meziere,30,3,2022,NA,NA,NA,NA,C2,Zoe Meziere,NA,GBRMPA G21/44774.1,Riginos,RRAP,Australia,NA,6,Mean of StakeA and StakeB,NA,NA,NA,NA
RRAP-ECO03-2022-Spis-OCDA-BLCH93A,BLCH93A,-18.814495,147.637185,Mean of StakeA and StakeB,NA,NA,NA,NA,3.2,NA,OCDA,OCDA_BA2S,OCDA_BA2S_P1,ECO03_BLCH,Stylophora pistillata,Spis,NA,NA,NA,Offshore Central GBR,Davies,Back2,Shallow,21,Spis_27,NA,NA,P1,NA,Davies,16:00,Zoe Meziere,30,3,2022,NA,NA,NA,NA,C2,Zoe Meziere,NA,GBRMPA G21/44774.1,Riginos,RRAP,Australia,NA,6,Mean of StakeA and StakeB,NA,NA,NA,NA
RRAP-ECO03-2022-Spis-OCDA-BLCH99A,BLCH99A,-18.814495,147.637185,Mean of StakeA and StakeB,NA,NA,NA,NA,3.2,NA,OCDA,OCDA_BA2S,OCDA_BA2S_P1,ECO03_BLCH,Stylophora pistillata,Spis,NA,NA,NA,Offshore Central GBR,Davies,Back2,Shallow,20,Spis_27,NA,NA,P1,NA,Davies,16:00,Zoe Meziere,30,3,2022,NA,NA,NA,NA,C2,Zoe Meziere,NA,GBRMPA G21/44774.1,Riginos,RRAP,Australia,NA,6,Mean of StakeA and StakeB,NA,NA,NA,NA
RRAP-ECO03-2022-Spis-OCDA-BLCH56A,BLCH56A,-18.814495,147.637185,Mean of StakeA and StakeB,NA,NA,NA,NA,3.2,NA,OCDA,OCDA_BA2S,OCDA_BA2S_P1,ECO03_BLCH,Stylophora pistillata,Spis,NA,NA,NA,Offshore Central GBR,Davies,Back2,Shallow,5,Spis_19,NA,NA,P1,NA,Davies,16:00,Zoe Meziere,29,3,2022,NA,NA,NA,NA,C3,Zoe Meziere,NA,GBRMPA G21/44774.1,Riginos,RRAP,Australia,NA,6,Mean of StakeA and StakeB,NA,NA,NA,NA
RRAP-ECO03-2022-Spis-OCDA-BLCH85A,BLCH85A,-18.814495,147.637185,Mean of StakeA and StakeB,NA,NA,NA,NA,3.2,NA,OCDA,OCDA_BA2S,OCDA_BA2S_P1,ECO03_BLCH,Stylophora pistillata,Spis,NA,NA,NA,Offshore Central GBR,Davies,Back2,Shallow,22,Spis_12,NA,NA,P1,NA,Davies,16:00,Zoe Meziere,30,3,2022,NA,NA,NA,NA,C2,Zoe Meziere,NA,GBRMPA G21/44774.1,Riginos,RRAP,Australia,NA,6,Mean of StakeA and StakeB,NA,NA,NA,NA
RRAP-ECO03-2022-Spis-OCDA-BLCH49A,BLCH49A,-18.805915,147.668855,Mean of StakeA and StakeB,NA,NA,NA,NA,11.9,NA,OCDA,OCDA_FL1D,OCDA_FL1D_P1,ECO03_BLCH,Stylophora pistillata,Spis,NA,NA,NA,Offshore Central GBR,Davies,Flank1,Deep,14,Spis_0,NA,NA,P1,NA,Davies,14:00,Zoe Meziere,29,3,2022,NA,NA,NA,NA,C4,Zoe Meziere,NA,GBRMPA G21/44774.1,Riginos,RRAP,Australia,NA,6,Mean of StakeA and StakeB,NA,NA,NA,NA
RRAP-ECO03-2022-Spis-OCDA-BLCH46A,BLCH46A,-18.805915,147.668855,Mean of StakeA and StakeB,NA,NA,NA,NA,11.9,NA,OCDA,OCDA_FL1D,OCDA_FL1D_P1,ECO03_BLCH,Stylophora pistillata,Spis,NA,NA,NA,Offshore Central GBR,Davies,Flank1,Deep,16,Spis_38,NA,NA,P1,NA,Davies,14:00,Zoe Meziere,29,3,2022,NA,NA,NA,NA,C2,Zoe Meziere,NA,GBRMPA G21/44774.1,Riginos,RRAP,Australia,NA,6,Mean of StakeA and StakeB,NA,NA,NA,NA
RRAP-ECO03-2022-Spis-OCDA-BLCH42A,BLCH42A,-18.805915,147.668855,Mean of StakeA and StakeB,NA,NA,NA,NA,11.9,NA,OCDA,OCDA_FL1D,OCDA_FL1D_P1,ECO03_BLCH,Stylophora pistillata,Spis,NA,NA,NA,Offshore Central GBR,Davies,Flank1,Deep,5,Spis_14,NA,NA,P1,NA,Davies,14:00,Zoe Meziere,29,3,2022,NA,NA,NA,NA,C4,Zoe Meziere,NA,GBRMPA G21/44774.1,Riginos,RRAP,Australia,NA,6,Mean of StakeA and StakeB,NA,NA,NA,NA
RRAP-ECO03-2022-Spis-OCDA-BLCH109A,BLCH109A,-18.805835,147.66868,Mean of StakeA and StakeB,NA,NA,NA,NA,5.2,NA,OCDA,OCDA_FL1S,OCDA_FL1S_P1,ECO03_BLCH,Stylophora pistillata,Spis,NA,NA,NA,Offshore Central GBR,Davies,Flank1,Shallow,18,Spis_10,NA,NA,P1,NA,Davies,15:00,Zoe Meziere,31,3,2022,NA,NA,NA,NA,D1,Zoe Meziere,NA,GBRMPA G21/44774.1,Riginos,RRAP,Australia,NA,6,Mean of StakeA and StakeB,NA,NA,NA,NA
RRAP-ECO03-2022-Spis-OCDA-BLCH112A,BLCH112A,-18.805835,147.66868,Mean of StakeA and StakeB,NA,NA,NA,NA,5.2,NA,OCDA,OCDA_FL1S,OCDA_FL1S_P1,ECO03_BLCH,Stylophora pistillata,Spis,NA,NA,NA,Offshore Central GBR,Davies,Flank1,Shallow,30,Spis_4,NA,NA,P1,NA,Davies,15:00,Zoe Meziere,31,3,2022,NA,NA,NA,NA,C3,Zoe Meziere,NA,GBRMPA G21/44774.1,Riginos,RRAP,Australia,NA,6,Mean of StakeA and StakeB,NA,NA,NA,NA
RRAP-ECO03-2022-Spis-OCDA-BLCH114A,BLCH114A,-18.805835,147.66868,Mean of StakeA and StakeB,NA,NA,NA,NA,5.2,NA,OCDA,OCDA_FL1S,OCDA_FL1S_P1,ECO03_BLCH,Stylophora pistillata,Spis,NA,NA,NA,Offshore Central GBR,Davies,Flank1,Shallow,26,Spis_9,NA,NA,P1,NA,Davies,15:00,Zoe Meziere,31,3,2022,NA,NA,NA,NA,C2,Zoe Meziere,NA,GBRMPA G21/44774.1,Riginos,RRAP,Australia,NA,6,Mean of StakeA and StakeB,NA,NA,NA,NA
RRAP-ECO03-2022-Spis-OCDA-BLCH108A,BLCH108A,-18.805835,147.66868,Mean of StakeA and StakeB,NA,NA,NA,NA,5.2,NA,OCDA,OCDA_FL1S,OCDA_FL1S_P1,ECO03_BLCH,Stylophora pistillata,Spis,NA,NA,NA,Offshore Central GBR,Davies,Flank1,Shallow,7,Spis_0,NA,NA,P1,NA,Davies,15:00,Zoe Meziere,31,3,2022,NA,NA,NA,NA,C1,Zoe Meziere,NA,GBRMPA G21/44774.1,Riginos,RRAP,Australia,NA,6,Mean of StakeA and StakeB,NA,NA,NA,NA
RRAP-ECO03-2022-Spis-OCDA-BLCH122A,BLCH122A,-18.805575,147.66835,Mean of StakeA and StakeB,NA,NA,NA,NA,5.4,NA,OCDA,OCDA_FL1S,OCDA_FL1S_P4,ECO03_BLCH,Stylophora pistillata,Spis,NA,NA,NA,Offshore Central GBR,Davies,Flank1,Shallow,22,Spis_23,NA,NA,P4,NA,Davies,15:00,Zoe Meziere,31,3,2022,NA,NA,NA,NA,C2,Zoe Meziere,NA,GBRMPA G21/44774.1,Riginos,RRAP,Australia,NA,6,Mean of StakeA and StakeB,NA,NA,NA,NA
RRAP-ECO03-2022-Spis-OCDA-BLCH117A,BLCH117A,-18.805575,147.66835,Mean of StakeA and StakeB,NA,NA,NA,NA,5.4,NA,OCDA,OCDA_FL1S,OCDA_FL1S_P4,ECO03_BLCH,Stylophora pistillata,Spis,NA,NA,NA,Offshore Central GBR,Davies,Flank1,Shallow,38,Spis_21,NA,NA,P4,NA,Davies,15:00,Zoe Meziere,31,3,2022,NA,NA,NA,NA,C3,Zoe Meziere,NA,GBRMPA G21/44774.1,Riginos,RRAP,Australia,NA,6,Mean of StakeA and StakeB,NA,NA,NA,NA
RRAP-ECO03-2022-Spis-OCDA-BLCH121A,BLCH121A,-18.805575,147.66835,Mean of StakeA and StakeB,NA,NA,NA,NA,5.4,NA,OCDA,OCDA_FL1S,OCDA_FL1S_P4,ECO03_BLCH,Stylophora pistillata,Spis,NA,NA,NA,Offshore Central GBR,Davies,Flank1,Shallow,31,Spis_19,NA,NA,P4,NA,Davies,15:00,Zoe Meziere,31,3,2022,NA,NA,NA,NA,C2,Zoe Meziere,NA,GBRMPA G21/44774.1,Riginos,RRAP,Australia,NA,6,Mean of StakeA and StakeB,NA,NA,NA,NA
RRAP-ECO03-2022-Spis-OCDA-BLCH120A,BLCH120A,-18.805575,147.66835,Mean of StakeA and StakeB,NA,NA,NA,NA,5.4,NA,OCDA,OCDA_FL1S,OCDA_FL1S_P4,ECO03_BLCH,Stylophora pistillata,Spis,NA,NA,NA,Offshore Central GBR,Davies,Flank1,Shallow,5,Spis_20,NA,NA,P4,NA,Davies,15:00,Zoe Meziere,31,3,2022,NA,NA,NA,NA,C2,Zoe Meziere,NA,GBRMPA G21/44774.1,Riginos,RRAP,Australia,NA,6,Mean of StakeA and StakeB,NA,NA,NA,NA
RRAP-ECO03-2022-Spis-OCDA-BLCH118A,BLCH118A,-18.805575,147.66835,Mean of StakeA and StakeB,NA,NA,NA,NA,5.4,NA,OCDA,OCDA_FL1S,OCDA_FL1S_P4,ECO03_BLCH,Stylophora pistillata,Spis,NA,NA,NA,Offshore Central GBR,Davies,Flank1,Shallow,10,Spis_22,NA,NA,P4,NA,Davies,15:00,Zoe Meziere,31,3,2022,NA,NA,NA,NA,C2.5,Zoe Meziere,NA,GBRMPA G21/44774.1,Riginos,RRAP,Australia,NA,6,Mean of StakeA and StakeB,NA,NA,NA,NA
RRAP-ECO03-2022-Spis-OCDA-BLCH35A,BLCH35A,-18.819682,147.663926,Mean of StakeA and StakeB,NA,NA,NA,NA,9.8,NA,OCDA,OCDA_FR1D,OCDA_FR1D_P1,ECO03_BLCH,Stylophora pistillata,Spis,NA,NA,NA,Offshore Central GBR,Davies,Front1,Deep,5,Spis_9,NA,NA,P4,P1,Davies,10:00,Zoe Meziere,29,3,2022,NA,NA,NA,NA,C2,Zoe Meziere,NA,GBRMPA G21/44774.1,Riginos,RRAP,Australia,NA,6,Mean of StakeA and StakeB,NA,NA,NA,NA
RRAP-ECO03-2022-Spis-OCDA-BLCH38A,BLCH38A,-18.819682,147.663926,Mean of StakeA and StakeB,NA,NA,NA,NA,9.8,NA,OCDA,OCDA_FR1D,OCDA_FR1D_P1,ECO03_BLCH,Stylophora pistillata,Spis,NA,NA,NA,Offshore Central GBR,Davies,Front1,Deep,3,Spis_15,NA,NA,P4,P1,Davies,10:00,Zoe Meziere,29,3,2022,NA,NA,NA,NA,C1,Zoe Meziere,NA,GBRMPA G21/44774.1,Riginos,RRAP,Australia,NA,6,Mean of StakeA and StakeB,NA,NA,NA,NA
RRAP-ECO03-2022-Spis-OCDA-BLCH41A,BLCH41A,-18.819682,147.663926,Mean of StakeA and StakeB,NA,NA,NA,NA,9.8,NA,OCDA,OCDA_FR1D,OCDA_FR1D_P1,ECO03_BLCH,Stylophora pistillata,Spis,NA,NA,NA,Offshore Central GBR,Davies,Front1,Deep,18,Spis_18,NA,NA,P4,P1,Davies,10:00,Zoe Meziere,29,3,2022,NA,NA,NA,NA,D1,Zoe Meziere,NA,GBRMPA G21/44774.1,Riginos,RRAP,Australia,NA,6,Mean of StakeA and StakeB,NA,NA,NA,NA
RRAP-ECO03-2022-Spis-OCDA-BLCH32A,BLCH32A,-18.819488,147.663784,Mean of StakeA and StakeB,NA,NA,NA,NA,5.5,NA,OCDA,OCDA_FR1S,OCDA_FR1S_P2,ECO03_BLCH,Stylophora pistillata,Spis,NA,NA,NA,Offshore Central GBR,Davies,Front1,Shallow,7,Spis_15,NA,NA,P3,P2,Davies,16:30,Zoe Meziere,28,3,2022,NA,NA,NA,NA,C2,Zoe Meziere,NA,GBRMPA G21/44774.1,Riginos,RRAP,Australia,NA,6,Mean of StakeA and StakeB,NA,NA,NA,NA
RRAP-ECO03-2022-Spis-OCDA-BLCH31A,BLCH31A,-18.819488,147.663784,Mean of StakeA and StakeB,NA,NA,NA,NA,5.5,NA,OCDA,OCDA_FR1S,OCDA_FR1S_P2,ECO03_BLCH,Stylophora pistillata,Spis,NA,NA,NA,Offshore Central GBR,Davies,Front1,Shallow,4,Spis_17,NA,NA,P3,P2,Davies,16:30,Zoe Meziere,28,3,2022,NA,NA,NA,NA,C2,Zoe Meziere,NA,GBRMPA G21/44774.1,Riginos,RRAP,Australia,NA,6,Mean of StakeA and StakeB,NA,NA,NA,NA
RRAP-ECO03-2022-Spis-OCDA-BLCH22A,BLCH22A,-18.819619,147.663714,Mean of StakeA and StakeB,NA,NA,NA,NA,4.9,NA,OCDA,OCDA_FR1S,OCDA_FR1S_P1,ECO03_BLCH,Stylophora pistillata,Spis,NA,NA,NA,Offshore Central GBR,Davies,Front1,Shallow,16,Spis_15,NA,NA,P4,P1,Davies,16:30,Zoe Meziere,28,3,2022,NA,NA,NA,NA,C2,Zoe Meziere,NA,GBRMPA G21/44774.1,Riginos,RRAP,Australia,NA,6,Mean of StakeA and StakeB,NA,NA,NA,NA
RRAP-ECO03-2022-Spis-OCDA-BLCH63A,BLCH63A,-18.831927,147.652497,Mean of StakeA and StakeB,NA,NA,NA,NA,4.9,NA,OCDA,OCDA_FR2S,OCDA_FR2S_P1,ECO03_BLCH,Stylophora pistillata,Spis,NA,NA,NA,Offshore Central GBR,Davies,Front2,Shallow,10,Spis_51,NA,NA,P1,NA,Davies,9:30,Zoe Meziere,30,3,2022,NA,NA,NA,NA,C2,Zoe Meziere,NA,GBRMPA G21/44774.1,Riginos,RRAP,Australia,NA,6,Mean of StakeA and StakeB,NA,NA,NA,NA
RRAP-ECO03-2022-Spis-OCDA-BLCH78A,BLCH78A,-18.831637,147.652715,Mean of StakeA and StakeB,NA,NA,NA,NA,5.7,NA,OCDA,OCDA_FR2S,OCDA_FR2S_P3,ECO03_BLCH,Stylophora pistillata,Spis,NA,NA,NA,Offshore Central GBR,Davies,Front2,Shallow,5,Spis_14,NA,NA,P3,NA,Davies,9:30,Zoe Meziere,30,3,2022,NA,NA,NA,NA,C3.5,Zoe Meziere,NA,GBRMPA G21/44774.1,Riginos,RRAP,Australia,NA,6,Mean of StakeA and StakeB,NA,NA,NA,NA
RRAP-ECO03-2022-Spis-OCDA-BLCH105A,BLCH105A,-18.832909,147.633422,Mean of StakeA and StakeB,NA,NA,NA,NA,2,NA,OCDA,OCDA_LA1S,OCDA_LA1S_P2,ECO03_BLCH,Stylophora pistillata,Spis,NA,NA,NA,Offshore Central GBR,Davies,Lagoon1,Shallow,40,Spis_37,NA,NA,P2,NA,Davies,11:30,Zoe Meziere,31,3,2022,NA,NA,NA,NA,D1,Zoe Meziere,NA,GBRMPA G21/44774.1,Riginos,RRAP,Australia,NA,6,Mean of StakeA and StakeB,NA,NA,NA,NA
RRAP-ECO03-2022-Spis-OCDA-BLCH107A,BLCH107A,-18.833181,147.633291,Mean of StakeA and StakeB,NA,NA,NA,NA,2.3,NA,OCDA,OCDA_LA1S,OCDA_LA1S_P4,ECO03_BLCH,Stylophora pistillata,Spis,NA,NA,NA,Offshore Central GBR,Davies,Lagoon1,Shallow,22,Spis_46,NA,NA,P4,NA,Davies,11:30,Zoe Meziere,31,3,2022,NA,NA,NA,NA,C2,Zoe Meziere,NA,GBRMPA G21/44774.1,Riginos,RRAP,Australia,NA,6,Mean of StakeA and StakeB,NA,NA,NA,NA
RRAP-ECO03-2022-Spis-OCLB-BLCH193B,BLCH193B,-18.949138,147.693068,Mean of StakeA and StakeB,NA,NA,NA,NA,3.8,NA,OCLB,OCLB_BA1S,OCLB_BA1S_P1,ECO03_BLCH,Stylophora pistillata,Spis,NA,NA,NA,Offshore Central GBR,Little Broadhurst,Back1,Shallow,37,Spis_10,NA,NA,P1,NA,Little Broadhurst,11:00,Zoe Meziere,2,4,2022,NA,NA,NA,NA,D1.5,Katharina Fabricus,NA,GBRMPA G21/44774.1,Riginos,RRAP,Australia,NA,6,Mean of StakeA and StakeB,NA,NA,NA,NA
RRAP-ECO03-2022-Spis-OCLB-BLCH184B,BLCH184B,-18.949138,147.693068,Mean of StakeA and StakeB,NA,NA,NA,NA,3.8,NA,OCLB,OCLB_BA1S,OCLB_BA1S_P1,ECO03_BLCH,Stylophora pistillata,Spis,NA,NA,NA,Offshore Central GBR,Little Broadhurst,Back1,Shallow,36,Spis_30,NA,NA,P1,NA,Little Broadhurst,11:00,Zoe Meziere,2,4,2022,NA,NA,NA,NA,D1.5,Katharina Fabricus,NA,GBRMPA G21/44774.1,Riginos,RRAP,Australia,NA,6,Mean of StakeA and StakeB,NA,NA,NA,NA
RRAP-ECO03-2022-Spis-OCLB-BLCH194B,BLCH194B,-18.949138,147.693068,Mean of StakeA and StakeB,NA,NA,NA,NA,3.8,NA,OCLB,OCLB_BA1S,OCLB_BA1S_P1,ECO03_BLCH,Stylophora pistillata,Spis,NA,NA,NA,Offshore Central GBR,Little Broadhurst,Back1,Shallow,19,Spis_16,NA,NA,P1,NA,Little Broadhurst,11:00,Zoe Meziere,2,4,2022,NA,NA,NA,NA,D1.5,Katharina Fabricus,NA,GBRMPA G21/44774.1,Riginos,RRAP,Australia,NA,6,Mean of StakeA and StakeB,NA,NA,NA,NA
RRAP-ECO03-2022-Spis-OCLB-BLCH197B,BLCH197B,-18.949567,147.6928,Mean of StakeA and StakeB,NA,NA,NA,NA,4.4,NA,OCLB,OCLB_BA1S,OCLB_BA1S_P4,ECO03_BLCH,Stylophora pistillata,Spis,NA,NA,NA,Offshore Central GBR,Little Broadhurst,Back1,Shallow,27,Spis_10,NA,NA,P4,NA,Little Broadhurst,11:00,Zoe Meziere,2,4,2022,NA,NA,NA,NA,D1.5,Katharina Fabricus,NA,GBRMPA G21/44774.1,Riginos,RRAP,Australia,NA,6,Mean of StakeA and StakeB,NA,NA,NA,NA
RRAP-ECO03-2022-Spis-OCLB-BLCH195B,BLCH195B,-18.949567,147.6928,Mean of StakeA and StakeB,NA,NA,NA,NA,4.4,NA,OCLB,OCLB_BA1S,OCLB_BA1S_P4,ECO03_BLCH,Stylophora pistillata,Spis,NA,NA,NA,Offshore Central GBR,Little Broadhurst,Back1,Shallow,12,Spis_16,NA,NA,P4,NA,Little Broadhurst,11:00,Zoe Meziere,2,4,2022,NA,NA,NA,NA,D1.5,Katharina Fabricus,NA,GBRMPA G21/44774.1,Riginos,RRAP,Australia,NA,6,Mean of StakeA and StakeB,NA,NA,NA,NA
RRAP-ECO03-2022-Spis-OCLB-BLCH196B,BLCH196B,-18.949567,147.6928,Mean of StakeA and StakeB,NA,NA,NA,NA,4.4,NA,OCLB,OCLB_BA1S,OCLB_BA1S_P4,ECO03_BLCH,Stylophora pistillata,Spis,NA,NA,NA,Offshore Central GBR,Little Broadhurst,Back1,Shallow,14,Spis_13,NA,NA,P4,NA,Little Broadhurst,11:00,Zoe Meziere,2,4,2022,NA,NA,NA,NA,D3,Katharina Fabricus,NA,GBRMPA G21/44774.1,Riginos,RRAP,Australia,NA,6,Mean of StakeA and StakeB,NA,NA,NA,NA
RRAP-ECO03-2022-Spis-OCLB-BLCH182A,BLCH182A,-18.944065,147.699442,Mean of StakeA and StakeB,NA,NA,NA,NA,4.5,NA,OCLB,OCLB_FL1S,OCLB_FL1S_P1,ECO03_BLCH,Stylophora pistillata,Spis,NA,NA,NA,Offshore Central GBR,Little Broadhurst,Flank1,Shallow,22,Spis_26,NA,NA,P1,NA,Little Broadhurst,8:00,Zoe Meziere,2,4,2022,NA,NA,NA,NA,C2.5,Zoe Meziere,NA,GBRMPA G21/44774.1,Riginos,RRAP,Australia,NA,6,Mean of StakeA and StakeB,NA,NA,NA,NA
RRAP-ECO03-2022-Spis-OCLB-BLCH190A,BLCH190A,-18.943917,147.699257,Mean of StakeA and StakeB,NA,NA,NA,NA,5.8,NA,OCLB,OCLB_FL1S,OCLB_FL1S_P3,ECO03_BLCH,Stylophora pistillata,Spis,NA,NA,NA,Offshore Central GBR,Little Broadhurst,Flank1,Shallow,5,Spis_30,NA,NA,P3,NA,Little Broadhurst,8:00,Zoe Meziere,2,4,2022,NA,NA,NA,NA,D1,Zoe Meziere,NA,GBRMPA G21/44774.1,Riginos,RRAP,Australia,NA,6,Mean of StakeA and StakeB,NA,NA,NA,NA
RRAP-ECO03-2022-Spis-ONLI-810,Spis-ONLI-810,-14.650714,145.450096,Zone-level backup coordinates,NA,NA,7,7,4.7,NA,ONLI,ONLI_BA1S,ONLI_BA1S_P1,ECO03,Stylophora pistillata,Spis,NA,NA,PRM,Offshore North GBR ,Lizard Island,Back1,Shallow,12,Spis_61,2021,NA,1,NA,Lizard Island,9:00,Cynthia Riginos,8,3,2022,NA,GPS EcoRRAP sites,2,NA,NA,Cynthia Riginos,P3080003 | P3080004 | P3080005,GBRMPA G21/44774.1,Riginos,RRAP,Australia,NA,60,Zone-level backup coordinates,NA,NA,NA,NA
RRAP-ECO03-2022-Spis-ONLI-814,Spis-ONLI-814,-14.650714,145.450096,Zone-level backup coordinates,NA,NA,7,7,4.3,NA,ONLI,ONLI_BA1S,ONLI_BA1S_P3,ECO03,Stylophora pistillata,Spis,NA,NA,PRM,Offshore North GBR ,Lizard Island,Back1,Shallow,15,Spis_19,2021,NA,3,NA,Lizard Island,9:00,Cynthia Riginos,8,3,2022,NA,GPS EcoRRAP sites,2,NA,NA,Cynthia Riginos,P3080033 | P3080036 | P3080037,GBRMPA G21/44774.1,Riginos,RRAP,Australia,NA,30,Zone-level backup coordinates,NA,NA,NA,NA
RRAP-ECO03-2022-Spis-ONLI-815,Spis-ONLI-815,-14.650714,145.450096,Zone-level backup coordinates,NA,NA,7,7,4.3,NA,ONLI,ONLI_BA1S,ONLI_BA1S_P3,ECO03,Stylophora pistillata,Spis,NA,NA,PRM,Offshore North GBR ,Lizard Island,Back1,Shallow,20,Spis_0,2021,NA,3,NA,Lizard Island,9:00,Cynthia Riginos,8,3,2022,NA,GPS EcoRRAP sites,2,NA,NA,Cynthia Riginos,P3080039 | P3080040,GBRMPA G21/44774.1,Riginos,RRAP,Australia,NA,30,Zone-level backup coordinates,NA,NA,NA,NA
RRAP-ECO03-2022-Spis-ONLI-804,Spis-ONLI-804,-14.69179,145.469116,Mean of StakeA and StakeB,NA,NA,4,4,4.1,NA,ONLI,ONLI_FR1S,ONLI_FR1S_P1,ECO03,Stylophora pistillata,Spis,NA,NA,PRM,Offshore North GBR ,Lizard Island,Back2,Shallow,11,Spis_194,2021,NA,1,NA,Lizard Island,15:00,Cynthia Riginos,7,3,2022,NA,GPS EcoRRAP sites,2,NA,NA,Cynthia Riginos,P3070003 | P3070004,GBRMPA G21/44774.1,Riginos,RRAP,Australia,NA,6,Mean of StakeA and StakeB,NA,NA,NA,NA
RRAP-ECO03-2022-Spis-ONLI-805,Spis-ONLI-805,-14.691434,145.469348,Mean of StakeA and StakeB,NA,NA,4,4,5,NA,ONLI,ONLI_FR1S,ONLI_FR1S_P2,ECO03,Stylophora pistillata,Spis,NA,NA,PRM,Offshore North GBR ,Lizard Island,Back2,Shallow,10,NA,NA,NA,2,NA,Lizard Island,15:00,Cynthia Riginos,7,3,2022,NA,GPS EcoRRAP sites,2,NA,NA,Cynthia Riginos,P3070011 | P3070012,GBRMPA G21/44774.1,Riginos,RRAP,Australia,NA,6,Mean of StakeA and StakeB,NA,NA,NA,NA
RRAP-ECO03-2022-Spis-ONLI-807,Spis-ONLI-807,-14.691127,145.469436,Mean of StakeA and StakeB,NA,NA,4,4,4.7,NA,ONLI,ONLI_FR1S,ONLI_FR1S_P4,ECO03,Stylophora pistillata,Spis,NA,NA,PRM,Offshore North GBR ,Lizard Island,Back2,Shallow,4,Spis_57_P4,no note,NA,4,NA,Lizard Island,15:00,Cynthia Riginos,7,3,2022,NA,GPS EcoRRAP sites,2,NA,NA,Cynthia Riginos,P3070017 | P3070018 | P3070019,GBRMPA G21/44774.1,Riginos,RRAP,Australia,NA,6,Mean of StakeA and StakeB,NA,NA,NA,NA
RRAP-ECO03-2022-Spis-ONLI-792,Spis-ONLI-792,-14.691434,145.469348,Mean of StakeA and StakeB,NA,NA,5,5,5,NA,ONLI,ONLI_FR1S,ONLI_FR1S_P2,ECO03,Stylophora pistillata,Spis,NA,NA,PRM,Offshore North GBR ,Lizard Island,Front1,Shallow,21,NA,NA,NA,2,NA,Lizard Island,16:00,Cynthia Riginos,6,3,2022,NA,GPS EcoRRAP sites,1,NA,NA,Cynthia Riginos,<renamed but would have to manually reconstruct originals>,GBRMPA G21/44774.1,Riginos,RRAP,Australia,NA,6,Mean of StakeA and StakeB,NA,NA,NA,NA
RRAP-ECO03-2022-Spis-ONLI-798,Spis-ONLI-798,-14.691434,145.469348,Mean of StakeA and StakeB,NA,NA,7,7,5,NA,ONLI,ONLI_FR1S,ONLI_FR1S_P2,ECO03,Stylophora pistillata,Spis,NA,NA,PRM,Offshore North GBR ,Lizard Island,Front1,Shallow,23,Spis_37_P2,no note,NA,2,NA,Lizard Island,9:00,Cynthia Riginos,7,3,2022,NA,GPS EcoRRAP sites,2,NA,NA,Cynthia Riginos,P3070008 | P3070009 | P3070010,GBRMPA G21/44774.1,Riginos,RRAP,Australia,NA,6,Mean of StakeA and StakeB,NA,NA,NA,NA
RRAP-ECO03-2022-Spis-ONLI-793,Spis-ONLI-793,-14.691301,145.469412,Mean of StakeA and StakeB,NA,NA,5,5,4.8,NA,ONLI,ONLI_FR1S,ONLI_FR1S_P3,ECO03,Stylophora pistillata,Spis,NA,NA,PRM,Offshore North GBR ,Lizard Island,Front1,Shallow,25,Spis_15,2021,NA,3,NA,Lizard Island,16:00,Cynthia Riginos,6,3,2022,NA,GPS EcoRRAP sites,1,NA,NA,Cynthia Riginos,<renamed but would have to manually reconstruct originals>,GBRMPA G21/44774.1,Riginos,RRAP,Australia,NA,6,Mean of StakeA and StakeB,NA,NA,NA,NA
RRAP-ECO03-2022-Spis-ONLI-817,Spis-ONLI-817,-14.649595,145.493099,Mean of StakeA and StakeB,NA,NA,7,7,4.9,NA,ONLI,ONLI_FR2S,ONLI_FR2S_P1,ECO03,Stylophora pistillata,Spis,NA,NA,PRM,Offshore North GBR ,Lizard Island,Front2,Shallow,1,Spis_60,2021,NA,1,NA,Lizard Island,15:00,Cynthia Riginos,8,3,2022,NA,GPS EcoRRAP sites,2,NA,NA,Cynthia Riginos,P3080006 | P3080007 | P3080008,GBRMPA G21/44774.1,Riginos,RRAP,Australia,NA,6,Mean of StakeA and StakeB,NA,NA,NA,NA
RRAP-ECO03-2022-Spis-ONLI-820,Spis-ONLI-820,-14.649549,145.493068,Mean of StakeA and StakeB,NA,NA,7,7,4.6,NA,ONLI,ONLI_FR2S,ONLI_FR2S_P2,ECO03,Stylophora pistillata,Spis,NA,NA,PRM,Offshore North GBR ,Lizard Island,Front2,Shallow,8,Spis_27,2021,NA,2,NA,Lizard Island,15:00,Cynthia Riginos,8,3,2022,NA,GPS EcoRRAP sites,2,NA,NA,Cynthia Riginos,P3080022 | P3080023 | P3080024,GBRMPA G21/44774.1,Riginos,RRAP,Australia,NA,6,Mean of StakeA and StakeB,NA,NA,NA,NA
RRAP-ECO03-2022-Spis-ONLI-823,Spis-ONLI-823,-14.649456,145.492929,Mean of StakeA and StakeB,NA,NA,7,7,4.3,NA,ONLI,ONLI_FR2S,ONLI_FR2S_P3,ECO03,Stylophora pistillata,Spis,NA,NA,PRM,Offshore North GBR ,Lizard Island,Front2,Shallow,24,Spis_56_P3,no note,NA,3,NA,Lizard Island,15:00,Cynthia Riginos,8,3,2022,NA,GPS EcoRRAP sites,2,NA,NA,Cynthia Riginos,P3080040 | P3080041 | P3080042,GBRMPA G21/44774.1,Riginos,RRAP,Australia,NA,6,Mean of StakeA and StakeB,NA,NA,NA,NA
RRAP-ECO03-2022-Spis-ONLI-822,Spis-ONLI-822,-14.649287,145.492785,Mean of StakeA and StakeB,NA,NA,7,7,3.9,NA,ONLI,ONLI_FR2S,ONLI_FR2S_P4,ECO03,Stylophora pistillata,Spis,NA,NA,PRM,Offshore North GBR ,Lizard Island,Front2,Shallow,23,Spis_21_P4,no note,NA,4,NA,Lizard Island,15:00,Cynthia Riginos,8,3,2022,NA,GPS EcoRRAP sites,2,NA,NA,Cynthia Riginos,P3080033 | P3080034,GBRMPA G21/44774.1,Riginos,RRAP,Australia,NA,6,Mean of StakeA and StakeB,NA,NA,NA,NA